<?xml version="1.0" encoding="utf-8"?>
<eml:eml xmlns:eml="eml://ecoinformatics.org/eml-2.1.1" xmlns:xsi="http://www.w3.org/2001/XMLSchema-instance"
         xsi:schemaLocation="eml://ecoinformatics.org/eml-2.1.1 http://rs.gbif.org/schema/eml-gbif-profile/1.1/eml.xsd"
        packageId="8582b50a-f762-11e1-a439-00145eb45e9a"  system="http://gbif.org" scope="system"
  xml:lang="en">

<dataset>
      <alternateIdentifier>10.15468/cmnjt1</alternateIdentifier>
        <alternateIdentifier>1431</alternateIdentifier>
    <title>Israel Nature and Parks Authority</title>
    <associatedParty>
    <individualName>
          <surName>Jörg Holetschek</surName>
    </individualName>
    <address>
<deliveryPoint>Königin-Luise-Str. 6-8, 14195 Berlin, Germany</deliveryPoint>    </address>
<phone>+49 30 83850150</phone><electronicMailAddress>biodiversitydata@bgbm.org</electronicMailAddress>    <role>TECHNICAL_POINT_OF_CONTACT</role>
    </associatedParty>
    <language>en</language>
    <abstract>
        <para></para>
    </abstract>
      <intellectualRights>
        <para>This work is licensed under a <ulink url="http://creativecommons.org/licenses/by/4.0/legalcode"><citetitle>Creative Commons Attribution (CC-BY) 4.0 License</citetitle></ulink>.</para>
      </intellectualRights>
      <contact>
    <individualName>
          <surName>Eliezer Frankenberg</surName>
    </individualName>
    <address>
<deliveryPoint>3 Am VeOlamo St.  Givat Shaul  Jerusalem 95463  Israel</deliveryPoint>    </address>
<electronicMailAddress>Eliezer.Frankenberg@npa.org.il</electronicMailAddress>      </contact>

</dataset>

<additionalMetadata>
    <metadata>
      <gbif>
        <dateStamp>2019-05-28T17:32:22Z</dateStamp>
      <citation>Israel Nature and Parks Authority. Israel Nature and Parks Authority. Occurrence dataset https://doi.org/10.15468/cmnjt1 accessed via GBIF.org on 2019-05-28.</citation>
        </gbif>
    </metadata>
</additionalMetadata>

</eml:eml>
