<?xml version="1.0" encoding="utf-8"?>
<eml:eml xmlns:eml="eml://ecoinformatics.org/eml-2.1.1" xmlns:xsi="http://www.w3.org/2001/XMLSchema-instance"
         xsi:schemaLocation="eml://ecoinformatics.org/eml-2.1.1 http://rs.gbif.org/schema/eml-gbif-profile/1.1/eml.xsd"
        packageId="10.15468/dl.bwr9xp"  system="http://gbif.org" scope="system"
  xml:lang="en">

<dataset>
        <alternateIdentifier>0019660-190415153152247</alternateIdentifier>
    <title>GBIF Occurrence Download 10.15468/dl.bwr9xp</title>
    <creator>
    <individualName>
          <surName>GBIF Download Service</surName>
    </individualName>
<electronicMailAddress>support@gbif.org</electronicMailAddress>    </creator>
    <metadataProvider>
    <individualName>
          <surName>GBIF Download Service</surName>
    </individualName>
<electronicMailAddress>support@gbif.org</electronicMailAddress>    </metadataProvider>
      <pubDate>
      2019-05-28
      </pubDate>
    <language>ENGLISH</language>
    <abstract>
        <para>A dataset containing all occurrences available in GBIF matching the query:
{&quot;type&quot;:&quot;and&quot;,&quot;predicates&quot;:[{&quot;type&quot;:&quot;greaterThanOrEquals&quot;,&quot;key&quot;:&quot;DECIMAL_LATITUDE&quot;,&quot;value&quot;:&quot;-90&quot;},{&quot;type&quot;:&quot;lessThanOrEquals&quot;,&quot;key&quot;:&quot;DECIMAL_LATITUDE&quot;,&quot;value&quot;:&quot;90&quot;},{&quot;type&quot;:&quot;greaterThanOrEquals&quot;,&quot;key&quot;:&quot;DECIMAL_LONGITUDE&quot;,&quot;value&quot;:&quot;-180&quot;},{&quot;type&quot;:&quot;lessThanOrEquals&quot;,&quot;key&quot;:&quot;DECIMAL_LONGITUDE&quot;,&quot;value&quot;:&quot;180&quot;},{&quot;type&quot;:&quot;greaterThanOrEquals&quot;,&quot;key&quot;:&quot;YEAR&quot;,&quot;value&quot;:&quot;1600&quot;},{&quot;type&quot;:&quot;lessThanOrEquals&quot;,&quot;key&quot;:&quot;YEAR&quot;,&quot;value&quot;:&quot;2019&quot;},{&quot;type&quot;:&quot;greaterThanOrEquals&quot;,&quot;key&quot;:&quot;MONTH&quot;,&quot;value&quot;:&quot;1&quot;},{&quot;type&quot;:&quot;lessThanOrEquals&quot;,&quot;key&quot;:&quot;MONTH&quot;,&quot;value&quot;:&quot;05&quot;},{&quot;type&quot;:&quot;equals&quot;,&quot;key&quot;:&quot;TAXON_KEY&quot;,&quot;value&quot;:&quot;8894817&quot;},{&quot;type&quot;:&quot;equals&quot;,&quot;key&quot;:&quot;HAS_COORDINATE&quot;,&quot;value&quot;:&quot;TRUE&quot;}]}
The dataset includes records from the following constituent datasets. The full metadata for each constituent is also included in this archive:
1 records from FHSM Herps Collection
1 records from Vertebrate Zoology Division - Herpetology, Yale Peabody Museum
1 records from UCM Amphibian and Reptile Collection (Arctos)
1 records from Observation.org, Nature data from the Netherlands
1 records from HBRG Vertebrates (not Badger) Dataset
1 records from RECORD Reptilia Data
1 records from Anfibios y reptiles de las regiones 30 (Parque Natural Sierra Maderas del Carmen); 31 (Sierra El Burro-Río San Rodrigo); 36 (Sierra La Encantada); y 37 (Sierra El Pino), Coahuila
1 records from VIMS Chesapeake Bay Multispecies Monitoring and Assessment Program
1 records from Dreal Corse - Base Ogreva
1 records from Australian National Wildlife Collection provider for OZCAM
1 records from Victorian Biodiversity Atlas
2 records from Réserve_Naturelle_de_Camargue_2017_12_18
2 records from BioGIS - Reptiles - HUJ collections
2 records from Parc_National_de_Port_Cros_2017_12_18
2 records from Questagame weekly feed
2 records from Tasmanian Natural Values Atlas
2 records from University of Florida Vertebrate Paleontology
2 records from Fauna Atlas N.T.
3 records from Queen Victoria Museum Art Gallery provider for OZCAM
3 records from Reef Life Survey: Global reef fish dataset
3 records from Données d&apos;occurrence Espèces issues de la base Natura 2000 : espèces d&apos;intérêt communautaire et autres espèces remarquables renseignées dans les FSD
4 records from Museums Victoria provider for OZCAM
4 records from observe_tuna_bycatch_ecoscope
5 records from SDNHM Herpetology Collection
5 records from DFO Maritimes Region Cetacean Sightings
5 records from Northeast Area Monitoring and Assessment Program Near Shore Trawl Survey (NEAMAP)
5 records from Centro de Recuperación de Fauna Silvestre &quot;La Tahonilla&quot;. Cabildo de Tenerife
5 records from SA Fauna (BDBSA)
6 records from Ditsong National Museum of Natural History Collection: 1805-2008
7 records from NCSM Herpetology Collection
7 records from Western Australian Museum provider for OZCAM
9 records from LACM Vertebrate Collection
10 records from naturgucker
12 records from MBML-Repteis - Coleção de Répteis
12 records from Programa Integral de Protección de tortugas marinas. Temporadas 2007 a 2012
15 records from University of Florida Herpetology
19 records from Geographically tagged INSDC sequences
23 records from BioGIS - Reptiles - INPA database
26 records from Conservación de la tortuga caguama del Pacífico (Caretta caretta): protección dentro del hábitat crítico de alimentación y desarrollo en Baja California Sur
26 records from Queensland Museum provider for OZCAM
28 records from WildNet - Queensland Wildlife Data
33 records from Las tortugas marinas y sus playas de anidación en México
38 records from Museum of Comparative Zoology, Harvard University
40 records from Australian Museum provider for OZCAM
44 records from Diveboard - Scuba diving citizen science observations
60 records from USGS Patuxent Wildlife Research Center Seabirds Compendium
72 records from Israel Nature and Parks Authority
83 records from NMNH Extant Specimen Records
87 records from iNaturalist Research-grade Observations
93 records from POPA- Fisheries Observer Program of the Azores: Sea turtle sightings in the Azores between 2004 and 2013 recorded by Biosphere Expedition
110 records from OEH Atlas of NSW Wildlife
127 records from Marine Turtles
176 records from Amphibiens et Reptiles de France (Enquête 2)
348 records from Banco de Datos de la Biodiversidad de la Comunitat Valenciana
845 records from POPA- Fisheries Observer Program of the Azores: Turtle sightings in the Azores tuna fishery from 2000 on: during navigation or search mode.
</para>
    </abstract>
      <contact>
    <individualName>
          <surName>GBIF Download Service</surName>
    </individualName>
<electronicMailAddress>support@gbif.org</electronicMailAddress>      </contact>

</dataset>

<additionalMetadata>
    <metadata>
      <gbif>
        <dateStamp>2019-05-28T17:32:23Z</dateStamp>
      <citation identifier="10.15468/dl.bwr9xp">GBIF Occurrence Download 10.15468/dl.bwr9xp</citation>
              <physical>
                  <objectName>Darwin Core Archive</objectName>
                  <characterEncoding>UTF-8</characterEncoding>
                  <dataFormat>
                      <externallyDefinedFormat>
                          <formatName>Darwin Core Archive</formatName>
                      </externallyDefinedFormat>
                  </dataFormat>
                  <distribution>
                      <online>
                          <url function="download">http://api.gbif.org/v1/occurrence/download/request/0019660-190415153152247.zip</url>
                      </online>
                  </distribution>
              </physical>
        </gbif>
    </metadata>
</additionalMetadata>

</eml:eml>
