<?xml version="1.0" encoding="utf-8"?>
<eml:eml xmlns:eml="eml://ecoinformatics.org/eml-2.1.1" xmlns:xsi="http://www.w3.org/2001/XMLSchema-instance"
         xsi:schemaLocation="eml://ecoinformatics.org/eml-2.1.1 http://rs.gbif.org/schema/eml-gbif-profile/1.1/eml.xsd"
        packageId="10.15468/dl.2ck8ls"  system="http://gbif.org" scope="system"
  xml:lang="en">

<dataset>
        <alternateIdentifier>0019554-181003121212138</alternateIdentifier>
    <title>GBIF Occurrence Download 10.15468/dl.2ck8ls</title>
    <creator>
    <individualName>
          <surName>GBIF Download Service</surName>
    </individualName>
<electronicMailAddress>support@gbif.org</electronicMailAddress>    </creator>
    <metadataProvider>
    <individualName>
          <surName>GBIF Download Service</surName>
    </individualName>
<electronicMailAddress>support@gbif.org</electronicMailAddress>    </metadataProvider>
      <pubDate>
      2018-11-07
      </pubDate>
    <language>ENGLISH</language>
    <abstract>
        <para>A dataset containing all occurrences available in GBIF matching the query:
DecimalLatitude: &gt;= -90 or &lt;= 90 
DecimalLongitude: &gt;= -180 or &lt;= 180 
Year: &gt;= 1600 or &lt;= 2018 
Month: &gt;= January or &lt;= November 
TaxonKey: Caretta caretta (Linnaeus, 1758) 
HasCoordinate: TRUE
The dataset includes records from the following constituent datasets. The full metadata for each constituent is also included in this archive:
1 records from Colección de Quelonios Museo de La Salle Bogotá (MLS)
1 records from HBRG Vertebrates (not Badger) Dataset
1 records from RECORD Reptilia Data
1 records from Census of the threatened species of Benin.
1 records from Anfibios y reptiles de las regiones 30 (Parque Natural Sierra Maderas del Carmen); 31 (Sierra El Burro-Río San Rodrigo); 36 (Sierra La Encantada); y 37 (Sierra El Pino), Coahuila
1 records from Auckland Museum Land Vertebrates Collection
1 records from Reptile Specimens
1 records from The Taiwan Roadkill Observation Network Data Set.
1 records from Reef Life Survey - Survey Records
1 records from Australian National Wildlife Collection provider for OZCAM
1 records from Palaeobiology - Vertebrate Fossils Collection - Non Mammalia - Royal Ontario Museum
1 records from Georgia Southern University - Savannah Science Museum Herpetology Collection
1 records from Rapid Assessment Program (RAP) Biodiversity Survey Database
1 records from SEWBReC Reptiles (South East Wales)
2 records from Réserve_Naturelle_de_Camargue_2017_12_18
2 records from Parc_National_des_Calanques_2017_12_18
2 records from Questagame weekly feed
2 records from Anymals+plants - Citizen Science Data
2 records from South Australian Museum Australia provider for OZCAM
2 records from Liste des espèces de la faune sauvage (Amphibiens, Mammifères hors Chiroptères, Oiseaux, Orthoptères, Reptiles &amp; Rhopalocères) observées selon le maillage communal français de la base de données naturalistes Faune-France .
2 records from University of Florida Vertebrate Paleontology
2 records from Ohio State University Tetrapod Division - Reptile Collection (OSUM)
2 records from Canadian Museum of Nature Amphibian and Reptile Collection
2 records from Northern Territory Museum and Art Gallery provider for OZCAM
2 records from Estación Experimental de Zonas Áridas (CSIC): EEZA-Herpet
3 records from Canada Maritimes Regional Cetacean Sightings (OBIS Canada)
3 records from FHSM Herps Collection
3 records from Dreal Corse - Base Ogreva
3 records from Tasmanian Natural Values Atlas
3 records from Tortugas marinas de la Isla Cayos de Serranilla durante la Expedición Seaflower 2017 - Proyecto Colombia BIO
3 records from Marine biological observation data from coastal and offshore surveys around New Zealand
4 records from Tour_du_Valat_2017_12_18
4 records from Queen Victoria Museum Art Gallery provider for OZCAM
4 records from KUBI Herpetology Collection
4 records from Computarización de la Colección de Referencia para Zoología, Arqueozoología y Paleontología del Museo de Historia Natural de la Universidad Autónoma de Baja California Sur
4 records from Fauna Atlas N.T.
4 records from Victorian Biodiversity Atlas
4 records from Reef Life Survey: Global reef fish dataset
4 records from SA Fauna (BDBSA)
4 records from SBMNH Vertebrate Zoology
5 records from UCM Amphibian and Reptile Collection (Arctos)
5 records from CAS Herpetology (HERP)
6 records from Ditsong National Museum of Natural History Collection: 1805-2008
6 records from VIMS Chesapeake Bay Multispecies Monitoring and Assessment Program
6 records from BioGIS - Reptiles - HUJ collections
6 records from Tortugas marinas de la Isla Cayo Serrana durante la Expedición Seaflower 2016 - Proyecto Colombia BIO
6 records from observe_tuna_bycatch_ecoscope
6 records from Museu de Ciències Naturals de Barcelona: MCNB-Cord
7 records from Vertebrate Zoology Division - Herpetology, Yale Peabody Museum
7 records from Museums Victoria provider for OZCAM
10 records from Données BioObs - Base pour l’Inventaire des Observations Subaquatiques de la FFESSM
11 records from SDNHM Herpetology Collection
11 records from Parc_National_de_Port_Cros_2017_12_18
12 records from MBML-Repteis - Coleção de Répteis
12 records from Museum of Comparative Zoology, Harvard University
13 records from Northeast Area Monitoring and Assessment Program Near Shore Trawl Survey (NEAMAP)
16 records from Centro de Recuperación de Fauna Silvestre &quot;La Tahonilla&quot;. Cabildo de Tenerife
17 records from MVZ Herp Collection (Arctos)
18 records from Données d&apos;occurrence Espèces issues de la base Natura 2000 : espèces d&apos;intérêt communautaire et autres espèces remarquables renseignées dans les FSD
19 records from naturgucker
19 records from LACM Vertebrate Collection
20 records from Fortalecimiento de las colecciones de ECOSUR. Primera fase
22 records from Geographically tagged INSDC sequences
31 records from WildNet - Queensland Wildlife Data
34 records from Las tortugas marinas y sus playas de anidación en México
39 records from DFO Maritimes Region Cetacean Sightings
46 records from Australian Museum provider for OZCAM
49 records from Queensland Museum provider for OZCAM
64 records from Programa Integral de Protección de tortugas marinas. Temporadas 2007 a 2012
91 records from BioGIS - Reptiles - INPA database
100 records from Diveboard - Scuba diving citizen science observations
159 records from OEH Atlas of NSW Wildlife
171 records from Marine Turtles
202 records from Israel Nature and Parks Authority
203 records from iNaturalist Research-grade Observations
218 records from NCSM Herpetology Collection
262 records from USGS Patuxent Wildlife Research Center Seabirds Compendium
289 records from Amphibiens et Reptiles de France (Enquête 2)
291 records from Conservación de la tortuga caguama del Pacífico (Caretta caretta): protección dentro del hábitat crítico de alimentación y desarrollo en Baja California Sur
301 records from University of Florida Herpetology
689 records from NMNH Extant Specimen Records
945 records from Banco de Datos de la Biodiversidad de la Comunitat Valenciana
</para>
    </abstract>
      <contact>
    <individualName>
          <surName>GBIF Download Service</surName>
    </individualName>
<electronicMailAddress>support@gbif.org</electronicMailAddress>      </contact>

</dataset>

<additionalMetadata>
    <metadata>
      <gbif>
        <dateStamp>2018-11-06T23:16:38Z</dateStamp>
      <citation identifier="10.15468/dl.2ck8ls">GBIF Occurrence Download 10.15468/dl.2ck8ls</citation>
              <physical>
                  <objectName>Darwin Core Archive</objectName>
                  <characterEncoding>UTF-8</characterEncoding>
                  <dataFormat>
                      <externallyDefinedFormat>
                          <formatName>Darwin Core Archive</formatName>
                      </externallyDefinedFormat>
                  </dataFormat>
                  <distribution>
                      <online>
                          <url function="download">http://api.gbif.org/v1/occurrence/download/request/0019554-181003121212138.zip</url>
                      </online>
                  </distribution>
              </physical>
        </gbif>
    </metadata>
</additionalMetadata>

</eml:eml>
