<?xml version="1.0" encoding="utf-8"?>
<eml:eml xmlns:eml="eml://ecoinformatics.org/eml-2.1.1" xmlns:xsi="http://www.w3.org/2001/XMLSchema-instance"
         xsi:schemaLocation="eml://ecoinformatics.org/eml-2.1.1 http://rs.gbif.org/schema/eml-gbif-profile/1.1/eml.xsd"
        packageId="29e92c92-eee8-49f6-a43d-907cc37027d1"  system="http://gbif.org" scope="system"
  xml:lang="es">

<dataset>
      <alternateIdentifier>10.15472/tjc0hg</alternateIdentifier>
        <alternateIdentifier>29e92c92-eee8-49f6-a43d-907cc37027d1</alternateIdentifier>
        <alternateIdentifier>http://ipt.biodiversidad.co/sib/resource?r=ftm_tortugas_seaflower_2017</alternateIdentifier>
    <title>Tortugas marinas de la Isla Cayos de Serranilla durante la Expedición Seaflower 2017 - Proyecto Colombia BIO</title>
    <creator>
    <individualName>
<givenName>Cristian</givenName>          <surName>Ramirez Gallego</surName>
    </individualName>
<organizationName>Fundación Tortugas del Mar</organizationName><positionName>Director Ejecutivo</positionName>    <address>
<city>Envigado</city><administrativeArea>Antioquia</administrativeArea><country>COLOMBIA</country>    </address>
<phone>+57 3004151535</phone><electronicMailAddress>fundaciontortugasdelmar@gmail.com</electronicMailAddress>      <userId directory="http://orcid.org/">0000-0001-9485-5736</userId>
    </creator>
    <metadataProvider>
    <individualName>
<givenName>Karla Georgina</givenName>          <surName>Barrientos Muñoz</surName>
    </individualName>
<organizationName>Fundación Tortugas del Mar</organizationName><positionName>Consultora</positionName>    <address>
<deliveryPoint>Directora Científica</deliveryPoint><city>Envigado</city><administrativeArea>Antioquia</administrativeArea><country>COLOMBIA</country>    </address>
<phone>+57 3014571132</phone><electronicMailAddress>fundaciontortugasdelmar@gmail.com</electronicMailAddress>    </metadataProvider>
    <associatedParty>
    <individualName>
<givenName>Cristian</givenName>          <surName>Ramírez Gallego</surName>
    </individualName>
<organizationName>Fundación Tortugas del Mar</organizationName><positionName>Director Ejecutivo</positionName>    <address>
<city>Envigado</city><administrativeArea>Antioquia</administrativeArea><country>COLOMBIA</country>    </address>
<electronicMailAddress>fundaciontortugasdelmar@gmail.com</electronicMailAddress>      <userId directory="http://orcid.org/">0000-0001-9485-5736</userId>
    <role>AUTHOR</role>
    </associatedParty>
    <associatedParty>
    <individualName>
<givenName>Karla Georgina</givenName>          <surName>Barrientos</surName>
    </individualName>
<organizationName>Fundación Tortugas del Mar</organizationName><positionName>Directora científica</positionName>    <address>
<city>Envigado</city><administrativeArea>Antioquia</administrativeArea><country>COLOMBIA</country>    </address>
<electronicMailAddress>fundaciontortugasdelmar@gmail.com</electronicMailAddress>    <role>AUTHOR</role>
    </associatedParty>
      <pubDate>
      2018-05-15
      </pubDate>
    <language>SPANISH</language>
    <abstract>
        <para>&lt;p&gt;En el marco de la Expedición Científica Seaflower 2017 - Isla Cayos de Serranilla, evaluamos el estado actual de las tortugas marinas y sus amenazas en la Isla Cayo Serranilla, representando el primer estudio sistemático con tortugas marinas en el punto más septentrional del Caribe colombiano.&lt;/p&gt;
&lt;p&gt;Durante 24 días con 245 horas de esfuerzo, realizamos un monitoreo sistemático diurno y nocturno para la identificación y confirmación de especies de tortugas marinas, nidos y crías en el área terrestre de la Isla Cayos de Serranilla, lo que incluyó: Cayo Beacon, Cayo Arena, Cayo del Medio y Cayo del Este. Se tomaron 146 registros que corresponden a tres especies de tortugas marinas: la tortuga verde (Chelonia mydas), la tortuga carey (Eretmochelys imbricata) y la tortuga cabezona (Caretta caretta). Los 146 registros pertenecen a individuos juveniles, hembras anidantes, crías y nidos.&lt;/p&gt;
&lt;p&gt;Además, gracias al apoyo de los expedicionarios trabajando en agua, confirmamos que los hábitats marinos de la Isla Cayo Serranilla son usados como zona de alimentación por la presencia de individuos juveniles, sub-adultos y adultos de la tortuga carey y de la tortuga verde. Los registros, nos permiten confirmar, que Isla Cayo Serranilla es actualmente el principal sitio de anidación de la tortuga verde y posiblemente de la tortuga carey para todo el territorio colombiano.&lt;/p&gt;
&lt;p&gt;Nuestro estudio servirá de línea base para enfocar futuros estudios en la Reserva de la Biosfera Seaflower y provee valiosa información al conocimiento de las tortugas marinas en el Gran Caribe y a sus actuales esfuerzos de recuperación y conservación.&lt;/p&gt;</para>
    </abstract>
        <keywordSet>
              <keyword>Occurrence</keyword>
              <keywordThesaurus>GBIF Dataset Type Vocabulary: http://rs.gbif.org/vocabulary/gbif/dataset_type.xml</keywordThesaurus>
        </keywordSet>
        <keywordSet>
              <keyword>Colombia BIO</keyword>
              <keyword>zona de alimentación</keyword>
              <keyword>tortuga carey</keyword>
              <keyword>Eretmochelys imbricata</keyword>
              <keyword>Caretta caretta</keyword>
              <keyword>zona de anidación</keyword>
              <keyword>Reserva Seaflower</keyword>
              <keyword>Chelonia mydas</keyword>
              <keyword>expedición</keyword>
              <keyword>juveniles</keyword>
              <keyword>nidos</keyword>
              <keyword>riesgo</keyword>
              <keyword>tortugas marinas</keyword>
              <keyword>crías</keyword>
              <keyword>Isla cayos de Serranilla</keyword>
              <keyword>cambio climático</keyword>
              <keyword>tortuga verde</keyword>
              <keyword>hembras anidantes</keyword>
              <keyword>Caribe colombiano</keyword>
              <keyword>tortuga cabezona</keyword>
              <keywordThesaurus>N/A</keywordThesaurus>
        </keywordSet>
        <keywordSet>
              <keyword>Observation</keyword>
              <keywordThesaurus>GBIF Dataset Subtype Vocabulary: http://rs.gbif.org/vocabulary/gbif/dataset_subtype.xml</keywordThesaurus>
        </keywordSet>
        <keywordSet>
              <keyword>SEAFLOWER</keyword>
              <keyword>SIB MARINO</keyword>
              <keyword>COLOMBIA BIO</keyword>
              <keywordThesaurus>SiB Colombia</keywordThesaurus>
        </keywordSet>
      <intellectualRights>
        <para>This work is licensed under a <ulink url="http://creativecommons.org/licenses/by/4.0/legalcode"><citetitle>Creative Commons Attribution (CC-BY) 4.0 License</citetitle></ulink>.</para>
      </intellectualRights>
      <distribution scope="document">
          <online>
              <url function="information">http://ipt.biodiversidad.co/sib/resource?r=ftm_tortugas_seaflower_2017</url>
          </online>
      </distribution>
      <coverage>
            <geographicCoverage>
                  <geographicDescription>Cayo Beacon, Cayo Arena, Cayo del Medio y Cayo del Este pertenecientes a la Isla Cayos de Serranilla, Reserva de la Biósfera Seaflower.</geographicDescription>
                  <boundingCoordinates>
                      <westBoundingCoordinate>-79.849</westBoundingCoordinate>
                      <eastBoundingCoordinate>-79.72</eastBoundingCoordinate>
                      <northBoundingCoordinate>15.886</northBoundingCoordinate>
                      <southBoundingCoordinate>15.794</southBoundingCoordinate>
                  </boundingCoordinates>
            </geographicCoverage>
          <temporalCoverage>
            <rangeOfDates>
              <beginDate>
                <calendarDate>      2017-09-07
</calendarDate>
              </beginDate>
              <endDate>
                <calendarDate>      2017-09-28
</calendarDate>
              </endDate>
            </rangeOfDates>
          </temporalCoverage>
              <taxonomicCoverage>
                    <generalTaxonomicCoverage>Se observaron 146 registros de tres especies de tortugas marinas: la tortuga verde (Chelonia mydas), la tortuga carey (Eretmochelys imbricata) y la tortuga cabezona (Caretta caretta). Los registros son de individuos juveniles, hembras anidantes, crías y nidos.</generalTaxonomicCoverage>
                    <taxonomicClassification>
                          <taxonRankName>Species</taxonRankName>
                        <taxonRankValue>Caretta caretta</taxonRankValue>
                          <commonName>Tortuga cabezona</commonName>
                    </taxonomicClassification>
                    <taxonomicClassification>
                          <taxonRankName>Species</taxonRankName>
                        <taxonRankValue>Eretmochelys imbricata</taxonRankValue>
                          <commonName>Tortuga carey</commonName>
                    </taxonomicClassification>
                    <taxonomicClassification>
                          <taxonRankName>Species</taxonRankName>
                        <taxonRankValue>Chelonia mydas</taxonRankValue>
                          <commonName>Tortuga verde</commonName>
                    </taxonomicClassification>
              </taxonomicCoverage>
      </coverage>
      <purpose>
          <para>Aportar al conocimiento actual del estado de las tortugas marinas carey, cabezona y verde y sus ecosistemas asociados en Isla Cayos de Serranilla, generando un primer acercamiento a su ecología en el área y a los posibles impactos a su sobrevivencia que les puede generar el cambio climático y otras amenazas.</para>
      </purpose>
      <maintenance>
          <description>
              <para></para>
          </description>
          <maintenanceUpdateFrequency>notPlanned</maintenanceUpdateFrequency>
      </maintenance>
      <contact>
    <individualName>
<givenName>Alexandra</givenName>          <surName>Chadid</surName>
    </individualName>
<organizationName>Comisión Colombiana del Océano</organizationName><positionName>Teniente - Jefe Área de Asuntos Marinos y Costeros</positionName>    <address>
<deliveryPoint>Carrera 54 No. 26 - 50, Edificio DIMAR - Cuarto piso</deliveryPoint><city>Bogotá, D.C.</city><administrativeArea>Bogotá, D.C.</administrativeArea><country>COLOMBIA</country>    </address>
<phone>315 8214  114</phone><electronicMailAddress>asuntos.marinocosteros@cco.gov.co</electronicMailAddress><onlineUrl>http://www.cco.gov.co</onlineUrl>      <userId directory="https://www.linkedin.com/profile/view?id=">alexandra-chadid-87039aa9</userId>
      </contact>
      <methods>
            <methodStep>
                <description>
                    <para>Todos los individuos adultos y juveniles interceptados se les registraron datos biométricos y fueron etiquetados con marcas metálicas (con códigos numéricos únicos) que hacen parte de un programa mundial de marcaje-recaptura de tortugas marinas. A cada nido identificado se le tomó coordenadas y se registro si el nido contaba o no con cobertura de vegetación y el tipo de vegetación. A los nidos eclosionados se le determino el tamaño de la nidada y se evaluó el éxito de eclosión y de emergencia, además del tamaño y peso de las crías.</para>
                </description>
            </methodStep>
            <sampling>
                <studyExtent>
                    <description>
                        <para>Isla Cayos de Serranilla, ubicada en la Reserva de la Biosfera Seaflower.</para>
                    </description>
                </studyExtent>
                <samplingDescription>
                    <para>Mediante un monitoreo sistemático, se llevaron a cabo censos terrestres (playas de anidación) para identificar áreas de anidación de las tortugas marinas. Adicionalmente, evaluar el estado actual de los ecosistemas asociados como en este caso, las playas arenosas.</para>
                </samplingDescription>
            </sampling>
            <qualityControl>
                <description>
                    <para>Los datos colectados pasaron por un proceso de validación y depuración por medio de la implementación de herramientas para mejorar la calidad de datos como Google Refine.</para>
                </description>
            </qualityControl>
      </methods>

      <project >
          <title>Caracterización de biodiversidad para el fortalecimiento de colecciones científicas y la generación de información genética de la biodiversidad colombiana, en el marco del programa Colombia BIO</title>
          <personnel>
    <individualName>
<givenName>Felipe</givenName>          <surName>García</surName>
    </individualName>
    <role>POINT_OF_CONTACT</role>
          </personnel>
          <abstract>
              <para></para>
          </abstract>
          <funding>
              <para>Colombia BIO. Convenio especial de cooperación No. 341 del 2017. Aunar esfuerzos para caracterizar la biodiversidad en áreas de interés científico y con baja información biológica, para el fortalecimiento de las colecciones científicas y la generación de información genética de la biodiversidad Colombiana, en el marco del programa Colombia BIO.</para>
          </funding>
      </project>
</dataset>

<additionalMetadata>
    <metadata>
      <gbif>
        <dateStamp>2018-11-06T23:16:34Z</dateStamp>
      <citation identifier="http://doi.org/10.15472/tjc0hg">Ramirez Gallego C, Barrientos Muñoz K G (2018). Tortugas marinas de la Isla Cayos de Serranilla durante la Expedición Seaflower 2017 - Proyecto Colombia BIO. Version 3.1. Fundación Tortugas del Mar. Occurrence dataset https://doi.org/10.15472/tjc0hg accessed via GBIF.org on 2018-11-06.</citation>
              <resourceLogoUrl>http://ipt.biodiversidad.co/sib/logo.do?r=ftm_tortugas_seaflower_2017</resourceLogoUrl>
        </gbif>
    </metadata>
</additionalMetadata>

</eml:eml>
