<?xml version="1.0" encoding="utf-8"?>
<eml:eml xmlns:eml="eml://ecoinformatics.org/eml-2.1.1" xmlns:xsi="http://www.w3.org/2001/XMLSchema-instance"
         xsi:schemaLocation="eml://ecoinformatics.org/eml-2.1.1 http://rs.gbif.org/schema/eml-gbif-profile/1.1/eml.xsd"
        packageId="74f92761-3a24-4d85-9bfb-00b1fee0119d"  system="http://gbif.org" scope="system"
  xml:lang="en">

<dataset>
      <alternateIdentifier>10.15468/hglsas</alternateIdentifier>
        <alternateIdentifier>830a1f84-f762-11e1-a439-00145eb45e9a</alternateIdentifier>
        <alternateIdentifier>74f92761-3a24-4d85-9bfb-00b1fee0119d</alternateIdentifier>
        <alternateIdentifier>http://ipt.nature.ca/resource?r=cmn_amphibian_reptile</alternateIdentifier>
    <title>Canadian Museum of Nature Amphibian and Reptile Collection</title>
    <creator>
    <individualName>
<givenName>Kamal</givenName>          <surName>Khidas</surName>
    </individualName>
<organizationName>Canadian Museum of Nature</organizationName><positionName>Curator, Vertebrate Zoology</positionName>    <address>
<city>Ottawa</city><administrativeArea>Ontario</administrativeArea><country>CANADA</country>    </address>
<phone>1-613-364-4098</phone><electronicMailAddress>kkhidas@nature.ca</electronicMailAddress><onlineUrl>https://nature.ca/en/research-collections/science-experts/kamal-khidas</onlineUrl>    </creator>
    <metadataProvider>
    <individualName>
<givenName>David</givenName>          <surName>Shorthouse</surName>
    </individualName>
<organizationName>Canadian Museum of Nature</organizationName><positionName>Assistant Collections Information Manager</positionName>    <address>
<city>Ottawa</city><administrativeArea>Ontario</administrativeArea><country>CANADA</country>    </address>
<electronicMailAddress>dshorthouse@nature.ca</electronicMailAddress>      <userId directory="http://orcid.org/">0000-0001-7618-5230</userId>
    </metadataProvider>
    <associatedParty>
    <individualName>
<givenName>Kamal</givenName>          <surName>Khidas</surName>
    </individualName>
<organizationName>Canadian Museum of Nature</organizationName><positionName>Curator, Vertebrate Zoology</positionName>    <address>
<city>Ottawa</city><administrativeArea>Ontario</administrativeArea><country>CANADA</country>    </address>
<phone>1-613-364-4098</phone><electronicMailAddress>kkhidas@nature.ca</electronicMailAddress><onlineUrl>https://nature.ca/en/research-collections/science-experts/kamal-khidas</onlineUrl>    <role>CURATOR</role>
    </associatedParty>
    <associatedParty>
    <individualName>
<givenName>Stéphanie</givenName>          <surName>Tessier</surName>
    </individualName>
<organizationName>Canadian Museum of Nature</organizationName><positionName>Manager, Amphibian and Reptile Collection</positionName>    <address>
<city>Ottawa</city><administrativeArea>Ontario</administrativeArea><postalCode>K1P 6P4</postalCode><country>CANADA</country>    </address>
<phone>1-613-364-4087</phone><electronicMailAddress>stessier@nature.ca</electronicMailAddress>    <role>PROCESSOR</role>
    </associatedParty>
    <associatedParty>
    <individualName>
<givenName>Marie-Hélène</givenName>          <surName>Hubert</surName>
    </individualName>
<organizationName>Canadian Museum of Nature</organizationName><positionName>Collection Technician</positionName>    <address>
<city>Ottawa</city><administrativeArea>Ontario</administrativeArea><country>CANADA</country>    </address>
<electronicMailAddress>mhhubert@nature.ca</electronicMailAddress>    <role>PROCESSOR</role>
    </associatedParty>
    <associatedParty>
    <individualName>
<givenName>Gregory</givenName>          <surName>Rand</surName>
    </individualName>
<organizationName>Canadian Museum of Nature</organizationName><positionName>Assistant Collection Manager</positionName>    <address>
<city>Ottawa</city><administrativeArea>Ontario</administrativeArea><country>CANADA</country>    </address>
<electronicMailAddress>grand@nature.ca</electronicMailAddress>    <role>PROCESSOR</role>
    </associatedParty>
      <pubDate>
      2018-06-08
      </pubDate>
    <language>ENGLISH</language>
    <abstract>
        <para>Our Amphibian and Reptile Collection contains more than 251 470 specimens in 37 925 lots, most of which are fluid-preserved, with some skeletons, skins and mounted specimens. It also boasts a very good collection of dried frog skins mounted on sheets of paper, like plants; they offer a very good source of tissue for DNA extraction. Our emphasis is on geographic and life history variation of common species in Canada. Approximately 83% of the collection comprises Canadian specimens. This collection counts representatives from some 930 species in 67 families. One hundred and thirty-eight are type specimens, including two holotypes, among which one is a Canadian holotype and five are Canadian paratypes.</para>
    </abstract>
        <keywordSet>
              <keyword>Occurrence</keyword>
              <keywordThesaurus>GBIF Dataset Type Vocabulary: http://rs.gbif.org/vocabulary/gbif/dataset_type.xml</keywordThesaurus>
        </keywordSet>
        <keywordSet>
              <keyword>Specimen</keyword>
              <keywordThesaurus>GBIF Dataset Subtype Vocabulary: http://rs.gbif.org/vocabulary/gbif/dataset_subtype.xml</keywordThesaurus>
        </keywordSet>
      <intellectualRights>
        <para>This work is licensed under a <ulink url="http://creativecommons.org/licenses/by/4.0/legalcode"><citetitle>Creative Commons Attribution (CC-BY) 4.0 License</citetitle></ulink>.</para>
      </intellectualRights>
      <distribution scope="document">
          <online>
              <url function="information">https://nature.ca/en/research-collections/collections</url>
          </online>
      </distribution>
      <maintenance>
          <description>
              <para></para>
          </description>
          <maintenanceUpdateFrequency>irregular</maintenanceUpdateFrequency>
      </maintenance>
      <contact>
    <individualName>
<givenName>Kamal</givenName>          <surName>Khidas</surName>
    </individualName>
<organizationName>Canadian Museum of Nature</organizationName><positionName>Curator, Vertebrate Zoology</positionName>    <address>
<city>Ottawa</city><administrativeArea>Ontario</administrativeArea><country>CANADA</country>    </address>
<phone>1-613-364-4098</phone><electronicMailAddress>kkhidas@nature.ca</electronicMailAddress><onlineUrl>https://nature.ca/en/research-collections/science-experts/kamal-khidas</onlineUrl>      </contact>
      <contact>
    <individualName>
<givenName>Stéphanie</givenName>          <surName>Tessier</surName>
    </individualName>
<organizationName>Canadian Museum of Nature</organizationName><positionName>Manager, Amphibian and Reptile Collection</positionName>    <address>
<deliveryPoint>PO Box 3443, Station D</deliveryPoint><city>Ottawa</city><administrativeArea>Ontario</administrativeArea><postalCode>K1P 6P4</postalCode><country>CANADA</country>    </address>
<phone>1-613-364-4087</phone><electronicMailAddress>stessier@mus-nature.ca</electronicMailAddress>      </contact>

</dataset>

<additionalMetadata>
    <metadata>
      <gbif>
        <dateStamp>2018-11-06T23:16:34Z</dateStamp>
      <citation>Khidas K, Shorthouse D (2018). Canadian Museum of Nature Amphibian and Reptile Collection. Version 1.9. Canadian Museum of Nature. Occurrence dataset https://doi.org/10.15468/hglsas accessed via GBIF.org on 2018-11-06.</citation>
              <resourceLogoUrl>http://ipt.nature.ca/logo.do?r=cmn_amphibian_reptile</resourceLogoUrl>
        </gbif>
    </metadata>
</additionalMetadata>

</eml:eml>
