<?xml version="1.0" encoding="utf-8"?>
<eml:eml xmlns:eml="eml://ecoinformatics.org/eml-2.1.1" xmlns:xsi="http://www.w3.org/2001/XMLSchema-instance"
         xsi:schemaLocation="eml://ecoinformatics.org/eml-2.1.1 http://rs.gbif.org/schema/eml-gbif-profile/1.1/eml.xsd"
        packageId="7a4cfd76-f762-11e1-a439-00145eb45e9a"  system="http://gbif.org" scope="system"
  xml:lang="en">

<dataset>
      <alternateIdentifier>10.15468/xt44zl</alternateIdentifier>
        <alternateIdentifier>11263</alternateIdentifier>
    <title>Estación Experimental de Zonas Áridas (CSIC): EEZA-Herpet</title>
      <pubDate>
      2018-02-12
      </pubDate>
    <language>ENGLISH</language>
    <abstract>
        <para>Colección de Anfibios y Reptiles constituida por 577 registros y 1013 ejemplares conservados mayoritariamente en etanol. El ámbito geográfico de los ejemplares es el Sureste de la Península Ibérica, Norte de África (Marruecos) y Sudamérica (Chile y Venezuela). También se incluyen los datos de Georeferenciación de los distintos ejemplares.
Note: this dataset was previously orphaned. It has been rescued by ① extracting it from the GBIF.org index (see GBIF Download in External Data) and ② republishing it on this IPT data hosting centre as version 1.0.</para>
    </abstract>
        <keywordSet>
              <keyword>Occurrence</keyword>
              <keywordThesaurus>GBIF Dataset Type Vocabulary: http://rs.gbif.org/vocabulary/gbif/dataset_type.xml</keywordThesaurus>
        </keywordSet>
      <intellectualRights>
        <para>This work is licensed under a <ulink url="http://creativecommons.org/licenses/by/4.0/legalcode"><citetitle>Creative Commons Attribution (CC-BY) 4.0 License</citetitle></ulink>.</para>
      </intellectualRights>
      <distribution scope="document">
          <online>
              <url function="information">http://www.eeza.csic.es/eeza/colecciones.aspx</url>
          </online>
      </distribution>
      <contact>
    <individualName>
          <surName>Jesús Benzal Pérez</surName>
    </individualName>
<phone>+34 950 28 10 45 (413)</phone><electronicMailAddress>jbenzal@eeza.csic.es</electronicMailAddress>      </contact>
      <contact>
    <individualName>
          <surName>Katia Cezón</surName>
    </individualName>
    <address>
    </address>
<electronicMailAddress>katia@gbif.es</electronicMailAddress>      </contact>

</dataset>

<additionalMetadata>
    <metadata>
      <gbif>
        <dateStamp>2018-11-06T23:16:34Z</dateStamp>
      <citation>Experimental Station of Arid Areas (CSIC) (2018). Estación Experimental de Zonas Áridas (CSIC): EEZA-Herpet. Occurrence dataset https://doi.org/10.15468/xt44zl accessed via GBIF.org on 2018-11-06.</citation>
              <physical>
                  <objectName>GBIF Occurrence Download</objectName>
                  <characterEncoding>UTF-8</characterEncoding>
                  <dataFormat>
                      <externallyDefinedFormat>
                          <formatName>Darwin Core Archive</formatName>
                      </externallyDefinedFormat>
                  </dataFormat>
                  <distribution>
                      <online>
                          <url function="download">http://api.gbif.org/v1/occurrence/download/request/0002035-180131172636756.zip</url>
                      </online>
                  </distribution>
              </physical>
        </gbif>
    </metadata>
</additionalMetadata>

</eml:eml>
