<?xml version="1.0" encoding="utf-8"?>
<eml:eml xmlns:eml="eml://ecoinformatics.org/eml-2.1.1" xmlns:xsi="http://www.w3.org/2001/XMLSchema-instance"
         xsi:schemaLocation="eml://ecoinformatics.org/eml-2.1.1 http://rs.gbif.org/schema/eml-gbif-profile/1.1/eml.xsd"
        packageId="80702d10-eaef-45e1-9419-ca3df36ec86f"  system="http://gbif.org" scope="system"
  xml:lang="es">

<dataset>
      <alternateIdentifier>10.15472/df7ko5</alternateIdentifier>
        <alternateIdentifier>https://ipt.biodiversidad.co/sib/resource?r=mls-quel-2011</alternateIdentifier>
        <alternateIdentifier>10.15468/vmxild</alternateIdentifier>
        <alternateIdentifier>http://ipt.biodiversidad.co/sib/resource?r=mls-quel-2011</alternateIdentifier>
        <alternateIdentifier>http://evirtual.lasalle.edu.co:8080/ipt/resource.do?r=mls-quel-2011</alternateIdentifier>
        <alternateIdentifier>80702d10-eaef-45e1-9419-ca3df36ec86f</alternateIdentifier>
        <alternateIdentifier>14684</alternateIdentifier>
    <title>Colección de Quelonios Museo de La Salle Bogotá (MLS)</title>
    <creator>
    <individualName>
<givenName>José Edilson</givenName>          <surName>Espitia Barrera</surName>
    </individualName>
<organizationName>Universidad de la Salle</organizationName><positionName>Administrador de información - MLS</positionName>    <address>
<deliveryPoint>Cr 2 No. 10 - 70</deliveryPoint><city>Bogotá D.C.</city><administrativeArea>Bogotá D.C.</administrativeArea><country>COLOMBIA</country>    </address>
<phone>+57 13535360</phone><electronicMailAddress>jespitia@lasalle.edu.co</electronicMailAddress><onlineUrl>http://museo.lasalle.edu.co/</onlineUrl>    </creator>
    <metadataProvider>
    <individualName>
<givenName>José Edilson</givenName>          <surName>Espitia Barrera</surName>
    </individualName>
<organizationName>Universidad de la Salle</organizationName><positionName>Administrador de información - MLS</positionName>    <address>
<deliveryPoint>Cr 2 No. 10 - 70</deliveryPoint><city>Bogotá D.C.</city><administrativeArea>Bogotá D.C.</administrativeArea><country>COLOMBIA</country>    </address>
<phone>+57 13535360</phone><electronicMailAddress>jespitia@lasalle.edu.co</electronicMailAddress><onlineUrl>http://museo.lasalle.edu.co/</onlineUrl>    </metadataProvider>
    <associatedParty>
    <individualName>
<givenName>José Edilson</givenName>          <surName>Espitia Barrera</surName>
    </individualName>
<organizationName>Universidad de la Salle</organizationName><positionName>Administrador de información - MLS</positionName>    <address>
<deliveryPoint>Cr 2 No. 10 - 70</deliveryPoint><city>Bogotá D.C.</city><administrativeArea>Bogotá D.C.</administrativeArea><country>COLOMBIA</country>    </address>
<phone>+57 13535360</phone><electronicMailAddress>jespitia@lasalle.edu.co</electronicMailAddress><onlineUrl>http://museo.lasalle.edu.co/</onlineUrl>    <role>PUBLISHER</role>
    </associatedParty>
      <pubDate>
      2018-10-19
      </pubDate>
    <language>SPANISH</language>
    <abstract>
        <para>El Museo de La Salle Bogotá (MLS) cuenta con 4487 registros de reptiles. La colecta de estos registros data desde el año 1875 y ha sido efectuada en el territorio colombiano en su gran mayoria. Cada registro cuenta con la información de la localidad (actualmante normalizada y georreferenciada), la fecha de colecta, el colector y un nivel de curaduria con el cual se establecio el índice de salud de la colección (ISC) igual a 1,21 lo que llevo a trabajar por su optimización desde 2009. Se han realizado actividades de mejoramiento de las condiciones de almacenamiento, verificación y actualización de la información taxonomica, normalización de localidades y su georrefernciación, repatriación de información y recopilación bibliografica resultado de investigaciones con los ejemplares de la colección.</para>
    </abstract>
        <keywordSet>
              <keyword>Reptiles</keyword>
              <keyword>Colección de Herpetología Museo de La Salle Bogotá (MLS)</keyword>
              <keyword>Colecciones preservadas</keyword>
              <keyword>Colombia</keyword>
              <keyword>Quelonios</keyword>
              <keyword>Museos</keyword>
              <keyword>Colecciones preservadas en liquido</keyword>
              <keyword>Colecciones</keyword>
              <keyword>Colecciones biológicas</keyword>
              <keyword>Colecciones zoologicas</keyword>
              <keyword>colecciones preservadas en seco</keyword>
              <keywordThesaurus>n/a</keywordThesaurus>
        </keywordSet>
        <keywordSet>
              <keyword>Occurrence</keyword>
              <keywordThesaurus>GBIF Dataset Type Vocabulary: http://rs.gbif.org/vocabulary/gbif/dataset_type.xml</keywordThesaurus>
        </keywordSet>
        <keywordSet>
              <keyword>Specimen</keyword>
              <keywordThesaurus>GBIF Dataset Subtype Vocabulary: http://rs.gbif.org/vocabulary/gbif/dataset_subtype.xml</keywordThesaurus>
        </keywordSet>
      <additionalInfo>
          <para>Los ejempalres etan depositados en el Museo de La Salle, en la sala de colecciones en liquido 4 Piso, Colección de vertebrados en seco 5 Piso y algunos ejemplares se encuentran exhibidos en la Exposición Permanente del Museo. Su acceso esta restringido a presentación con antelación del formato de consulta y autorización del Director del Museo. El 94% de la colección se encuentra almacenada en frascos de vidrio o plastico con alcohol al 70% acrode al tamaño de los ejemplares, organizados en orden numerico ascendente en vitrinas de vidrio y metal. el 6% restante de la colección corresponde a los ejemplares en seco.</para>
      </additionalInfo>
      <intellectualRights>
        <para>To the extent possible under law, the publisher has waived all rights to these data and has dedicated them to the <ulink url="http://creativecommons.org/publicdomain/zero/1.0/legalcode"><citetitle>Public Domain (CC0 1.0)</citetitle></ulink>. Users may copy, modify, distribute and use the work, including for commercial purposes, without restriction.</para>
      </intellectualRights>
      <coverage>
            <geographicCoverage>
                  <geographicDescription>Estados Unidos,  Puerto Rico, desde el nivel del mar hasta 3000 m.s.n.m. Solo hay georeferenciación para Colombia.</geographicDescription>
                  <boundingCoordinates>
                      <westBoundingCoordinate>-81.7</westBoundingCoordinate>
                      <eastBoundingCoordinate>-60.58</eastBoundingCoordinate>
                      <northBoundingCoordinate>9.917</northBoundingCoordinate>
                      <southBoundingCoordinate>-4.218</southBoundingCoordinate>
                  </boundingCoordinates>
            </geographicCoverage>
          <temporalCoverage>
            <rangeOfDates>
              <beginDate>
                <calendarDate>      1923-08-29
</calendarDate>
              </beginDate>
              <endDate>
                <calendarDate>      1984-06-30
</calendarDate>
              </endDate>
            </rangeOfDates>
          </temporalCoverage>
              <taxonomicCoverage>
                    <generalTaxonomicCoverage>El 20,6% de la colección se encuentra determinada hasta el nivel de subespecie, el 76.75% hasta especie y el 3.07 restante hasta género.</generalTaxonomicCoverage>
                    <taxonomicClassification>
                          <taxonRankName>Family</taxonRankName>
                        <taxonRankValue>Chelidae</taxonRankValue>
                    </taxonomicClassification>
                    <taxonomicClassification>
                          <taxonRankName>Family</taxonRankName>
                        <taxonRankValue>Cheloniidae</taxonRankValue>
                    </taxonomicClassification>
                    <taxonomicClassification>
                          <taxonRankName>Family</taxonRankName>
                        <taxonRankValue>Chelydridae</taxonRankValue>
                    </taxonomicClassification>
                    <taxonomicClassification>
                          <taxonRankName>Family</taxonRankName>
                        <taxonRankValue>Emydidae</taxonRankValue>
                    </taxonomicClassification>
                    <taxonomicClassification>
                          <taxonRankName>Family</taxonRankName>
                        <taxonRankValue>Geoemydidae</taxonRankValue>
                    </taxonomicClassification>
                    <taxonomicClassification>
                          <taxonRankName>Family</taxonRankName>
                        <taxonRankValue>Kinosternidae</taxonRankValue>
                    </taxonomicClassification>
                    <taxonomicClassification>
                          <taxonRankName>Family</taxonRankName>
                        <taxonRankValue>Podocnemididae</taxonRankValue>
                    </taxonomicClassification>
                    <taxonomicClassification>
                          <taxonRankName>Family</taxonRankName>
                        <taxonRankValue>Testudinidae</taxonRankValue>
                    </taxonomicClassification>
              </taxonomicCoverage>
      </coverage>
      <purpose>
          <para>Este tabajo hace parte del proyecto de: &quot;Sistematización, georreferenciación y puesta a disposición a través del SIB Colombia de los registros biológicos de dos colecciones del Museo de La Salle Bogotá (Colección de Anfibios y Reptiles (MLS) y Herbario (BOG), coontrato No. 11-11-020-231FN, Entre el Instituto de Investigación de Recursos Biologicos &quot;Alexánder von Humboldt&quot; y La Universidad de La Salle.</para>
      </purpose>
      <maintenance>
          <description>
              <para></para>
          </description>
          <maintenanceUpdateFrequency>unkown</maintenanceUpdateFrequency>
      </maintenance>
      <contact>
    <individualName>
<givenName>José Edilson</givenName>          <surName>Espitia Barrera</surName>
    </individualName>
<organizationName>Universidad de la Salle</organizationName><positionName>Administrador de información - MLS</positionName>    <address>
<deliveryPoint>Cr 2 No. 10 - 70</deliveryPoint><city>Bogotá D.C.</city><administrativeArea>Bogotá D.C.</administrativeArea><country>COLOMBIA</country>    </address>
<phone>+57 13535360</phone><electronicMailAddress>jespitia@lasalle.edu.co</electronicMailAddress><onlineUrl>http://museo.lasalle.edu.co/</onlineUrl>      </contact>

      <project >
          <title>Sistematización, georreferenciación y puesta a disposición a través del SIB Colombia de los registros biológicos de dos colecciones del Museo de La Salle Bogotá (Colección de Anfibios y Reptiles (MLS) y Herbario (BOG)</title>
          <personnel>
    <individualName>
<givenName>José Edilson</givenName>          <surName>Espitia Barrera</surName>
    </individualName>
    <role>POINT_OF_CONTACT</role>
          </personnel>
          <abstract>
              <para></para>
          </abstract>
          <funding>
              <para>Contrato No. 11-11-020-231FN, Entre el Instituto de Investigación de Recursos Biologicos &quot;Alexánder von Humboldt&quot; y La Universidad de La Salle.</para>
          </funding>
      </project>
</dataset>

<additionalMetadata>
    <metadata>
      <gbif>
        <dateStamp>2018-11-06T23:16:32Z</dateStamp>
      <citation identifier="http://doi.org/10.15472/df7ko5">Espitia Barrera J E (2018). Colección de Quelonios Museo de La Salle Bogotá (MLS). Version 5.1. Universidad de La Salle. Occurrence dataset https://doi.org/10.15472/df7ko5 accessed via GBIF.org on 2018-11-06.</citation>
              <resourceLogoUrl>https://s3.amazonaws.com/sib-resources/images/logos-socios/portal-sib/Logo-u-salle.png</resourceLogoUrl>
              <collection>
                <parentCollectionIdentifier>MLS</parentCollectionIdentifier>
                <collectionIdentifier>MLS-quel</collectionIdentifier>
                <collectionName>Colecciones Zoológicas - Museo de La Salle- Bogotá</collectionName>
              </collection>
        </gbif>
    </metadata>
</additionalMetadata>

</eml:eml>
