<?xml version="1.0" encoding="utf-8"?>
<eml:eml xmlns:eml="eml://ecoinformatics.org/eml-2.1.1" xmlns:xsi="http://www.w3.org/2001/XMLSchema-instance"
         xsi:schemaLocation="eml://ecoinformatics.org/eml-2.1.1 http://rs.gbif.org/schema/eml-gbif-profile/1.1/eml.xsd"
        packageId="83b31e72-f762-11e1-a439-00145eb45e9a"  system="http://gbif.org" scope="system"
  xml:lang="en">

<dataset>
      <alternateIdentifier>10.15468/orwtwi</alternateIdentifier>
        <alternateIdentifier>353</alternateIdentifier>
    <title>Canada Maritimes Regional Cetacean Sightings (OBIS Canada)</title>
    <language>ENGLISH</language>
    <abstract>
        <para>This is an OBIS formatted version of the Canadian government&amp;#39;s Department of Fisheries and Oceans Maritimes Region database for visual sightings of cetaceans (e.g. whales, dolphins and porpoises) and other large pelagic animals (e.g. fish and turtles) mostly from the Scotian Shelf/Bay of Fundy portions of Canada&amp;#39;s east coast. Sources for the sightings are diverse (e.g. NGO researchers, fistheries observers, private consultants, etc...), mostly onboard ship and mostly collected since the late 1990&amp;#39;s. More detailed information on the individual sightings and animal behaviour are available from project personnel. OBIS Schema concepts implemented in this data set are:DateLastModified, InstitutionCode, CollectionCode, CatalogNumber, ScientificName, BasisOfRecord, Kingdom, Phylum, Class, Order, Family, Genus, Species, ScientificNameAuthor, Collector, YearCollected, MonthCollected, DayCollected, JulianDay, TimeOfDay, ContinentOcean, Longitude, Latitude, Notes, StartYearCollected, EndYearCollected, StartMonthCollected, EndMonthCollected, StartDayCollected, EndDayCollected, StartTimeofDay, EndtimeofDay, TimeZone, StartLongitude, EndLongitude, StartLatitude, EndLatitude, ObservedIndividualCount. For OBIS Schema concept details see http://www.iobis.org/tech/provider/</para>
    </abstract>
      <intellectualRights>
        <para>This work is licensed under a <ulink url="http://creativecommons.org/licenses/by/4.0/legalcode"><citetitle>Creative Commons Attribution (CC-BY) 4.0 License</citetitle></ulink>.</para>
      </intellectualRights>
      <distribution scope="document">
          <online>
              <url function="information">http://gcmd.nasa.gov/KeywordSearch/Metadata.do?Portal=caobis&amp;MetadataType=0&amp;KeywordPath=&amp;MetadataView=Full&amp;EntryId=OBIS.Marwhale</url>
          </online>
      </distribution>
      <maintenance>
          <description>
              <para></para>
          </description>
          <maintenanceUpdateFrequency>unkown</maintenanceUpdateFrequency>
      </maintenance>

</dataset>

<additionalMetadata>
    <metadata>
      <gbif>
        <dateStamp>2018-11-06T23:16:34Z</dateStamp>
      <citation>Canadian node of the Ocean Biogeographic Information System (OBIS Canada). Canada Maritimes Regional Cetacean Sightings (OBIS Canada). Occurrence dataset https://doi.org/10.15468/orwtwi accessed via GBIF.org on 2018-11-06.</citation>
              <physical>
                  <objectName>GBIF Occurrence Download</objectName>
                  <characterEncoding>UTF-8</characterEncoding>
                  <dataFormat>
                      <externallyDefinedFormat>
                          <formatName>Darwin Core Archive</formatName>
                      </externallyDefinedFormat>
                  </dataFormat>
                  <distribution>
                      <online>
                          <url function="download">http://api.gbif.org/v1/occurrence/download/request/0012559-180131172636756.zip</url>
                      </online>
                  </distribution>
              </physical>
        </gbif>
    </metadata>
</additionalMetadata>

</eml:eml>
