<?xml version="1.0" encoding="utf-8"?>
<eml:eml xmlns:eml="eml://ecoinformatics.org/eml-2.1.1" xmlns:xsi="http://www.w3.org/2001/XMLSchema-instance"
         xsi:schemaLocation="eml://ecoinformatics.org/eml-2.1.1 http://rs.gbif.org/schema/eml-gbif-profile/1.1/eml.xsd"
        packageId="db09684b-0fd1-431e-b5fa-4c1532fbdb14"  system="http://gbif.org" scope="system"
  xml:lang="en">

<dataset>
      <alternateIdentifier>10.15468/cidkqi</alternateIdentifier>
        <alternateIdentifier>db09684b-0fd1-431e-b5fa-4c1532fbdb14</alternateIdentifier>
        <alternateIdentifier>http://ipt.taibif.tw/resource?r=tw_roadkill_data</alternateIdentifier>
    <title>The Taiwan Roadkill Observation Network Data Set.</title>
    <creator>
    <individualName>
<givenName>Te-En</givenName>          <surName>Lin</surName>
    </individualName>
<organizationName>Taiwan Endemic Species Researcher Institute</organizationName><positionName>Assistant Researcher</positionName>    <address>
<deliveryPoint>1 Ming-Sheng East Road, Jiji Township, Nantou County, Taiwan</deliveryPoint><city>Nantou County</city><administrativeArea>Taiwan</administrativeArea><postalCode>552</postalCode><country>TAIWAN</country>    </address>
<phone>886-49-2761331ext566</phone><electronicMailAddress>mmskink@gmail.com</electronicMailAddress><onlineUrl>http://roadkill.tw</onlineUrl>    </creator>
    <metadataProvider>
    <individualName>
<givenName>Te-En</givenName>          <surName>Lin</surName>
    </individualName>
<organizationName>Taiwan Endemic Species Researcher Institute</organizationName><positionName>Assistant Researcher</positionName>    <address>
<deliveryPoint>1 Ming-Sheng East Road, Jiji Township, Nantou County, Taiwan</deliveryPoint><city>Nantou County</city><administrativeArea>Taiwan</administrativeArea><postalCode>552</postalCode><country>TAIWAN</country>    </address>
<phone>886-49-2761331ext566</phone><electronicMailAddress>mmskink@gmail.com</electronicMailAddress><onlineUrl>http://roadkill.tw</onlineUrl>    </metadataProvider>
    <associatedParty>
    <individualName>
<givenName>Dong-Po</givenName>          <surName>Deng</surName>
    </individualName>
<organizationName>Institute of Information Science, Academia Sinica</organizationName><positionName>Geospatial information specialist</positionName>    <address>
<deliveryPoint>128 Academia Road, Section 2 Nangang District 115, Taipei Taiwan</deliveryPoint><city>Taipei</city><administrativeArea>Taiwan</administrativeArea><postalCode>115</postalCode><country>TAIWAN</country>    </address>
<electronicMailAddress>dongpo@iis.sinica.edu.tw</electronicMailAddress>    <role>PROGRAMMER</role>
    </associatedParty>
    <associatedParty>
    <individualName>
<givenName>Guan-Shuo</givenName>          <surName>Mai</surName>
    </individualName>
<organizationName>Biodiversity Research Center, Academia Sinica</organizationName><positionName>Research Assistant</positionName>    <address>
<deliveryPoint>128 Academia Road, Section 2 Nangang District 115, Taipei Taiwan</deliveryPoint><city>Taipei</city><administrativeArea>Taiwan</administrativeArea><postalCode>115</postalCode><country>TAIWAN</country>    </address>
<electronicMailAddress>gsmai.taibif@gmail.com</electronicMailAddress>    <role>PROGRAMMER</role>
    </associatedParty>
    <associatedParty>
    <individualName>
<givenName>Cheng-Hsin</givenName>          <surName>Hsu</surName>
    </individualName>
<organizationName>Digital Center, Academia Sinica</organizationName><positionName>Research Assistant</positionName>    <address>
<deliveryPoint>128 Academia Road, Section 2 Nangang District 115, Taipei Taiwan</deliveryPoint><city>Taipei</city><administrativeArea>Taiwan</administrativeArea><postalCode>115</postalCode><country>TAIWAN</country>    </address>
<electronicMailAddress>jimshsu@gmail.com</electronicMailAddress>    <role>PROGRAMMER</role>
    </associatedParty>
    <associatedParty>
    <individualName>
<givenName>Shih-Wei</givenName>          <surName>Chang</surName>
    </individualName>
<organizationName>Taiwan Endemic Species Researcher Institute</organizationName><positionName>Associate Research Scientist</positionName>    <address>
<deliveryPoint>1 Ming-Sheng East Road, Jiji Township, Nantou County, Taiwan</deliveryPoint><city>Nantou County</city><administrativeArea>Taiwan</administrativeArea><postalCode>552</postalCode><country>TAIWAN</country>    </address>
<electronicMailAddress>cswei@tesri.gov.tw</electronicMailAddress>    <role>PROCESSOR</role>
    </associatedParty>
    <associatedParty>
    <individualName>
<givenName>Cheng-Te</givenName>          <surName>Yao</surName>
    </individualName>
<organizationName>Taiwan Endemic Species Researcher Institute</organizationName><positionName>Associate Research Scientist</positionName>    <address>
<deliveryPoint>1 Ming-Sheng East Road, Jiji Township, Nantou County, Taiwan</deliveryPoint><city>Nantou County</city><administrativeArea>Taiwan</administrativeArea><postalCode>552</postalCode><country>TAIWAN</country>    </address>
<electronicMailAddress>yaoct@tesri.gov.tw</electronicMailAddress>    <role>PROCESSOR</role>
    </associatedParty>
    <associatedParty>
    <individualName>
<givenName>Da-Li</givenName>          <surName>Lin</surName>
    </individualName>
<organizationName>Taiwan Endemic Species Researcher Institute</organizationName><positionName>Assistant Researcher</positionName>    <address>
<deliveryPoint>1 Ming-Sheng East Road, Jiji Township, Nantou County, Taiwan</deliveryPoint><city>Nantou County</city><administrativeArea>Taiwan</administrativeArea><postalCode>552</postalCode><country>TAIWAN</country>    </address>
<electronicMailAddress>thrush1250@gmail.com</electronicMailAddress>    <role>PROCESSOR</role>
    </associatedParty>
    <associatedParty>
    <individualName>
<givenName>Yu-Kai</givenName>          <surName>Chen</surName>
    </individualName>
<organizationName>Taiwan Endemic Species Researcher Institute</organizationName><positionName>Research Assistant</positionName>    <address>
<deliveryPoint>1 Ming-Sheng East Road, Jiji Township, Nantou County, Taiwan</deliveryPoint><city>Nantou County</city><administrativeArea>Taiwan</administrativeArea><postalCode>552</postalCode><country>TAIWAN</country>    </address>
<electronicMailAddress>waterr37@msn.com</electronicMailAddress>    <role>PROCESSOR</role>
    </associatedParty>
    <associatedParty>
    <individualName>
<givenName>Chih-Yun</givenName>          <surName>Chen</surName>
    </individualName>
<organizationName>Taiwan Endemic Species Researcher Institute</organizationName><positionName>Research Assistant</positionName>    <address>
<deliveryPoint>1 Ming-Sheng East Road, Jiji Township, Nantou County, Taiwan</deliveryPoint><city>Nantou County</city><administrativeArea>Taiwan</administrativeArea><postalCode>552</postalCode><country>TAIWAN</country>    </address>
<electronicMailAddress>main0516@yahoo.com.tw</electronicMailAddress>    <role>PROCESSOR</role>
    </associatedParty>
    <associatedParty>
    <individualName>
<givenName>Tyng-Ruey</givenName>          <surName>Chuang</surName>
    </individualName>
<organizationName>Institute of Information Science, Academia Sinica</organizationName><positionName>Associate Research Fellow</positionName>    <address>
<deliveryPoint>No 128, Academia Road, Section 2 Nankang, Taipei 11529, Taiwan</deliveryPoint><city>Taipei</city><administrativeArea>Taiwan</administrativeArea><postalCode>115</postalCode><country>TAIWAN</country>    </address>
<phone>886-2-2788-3799ext1613</phone><electronicMailAddress>trcat@iis.sinica.edu.tw</electronicMailAddress><onlineUrl>http://www.iis.sinica.edu.tw/pages/trc/</onlineUrl>    <role>PROGRAMMER</role>
    </associatedParty>
    <associatedParty>
    <individualName>
<givenName>Jheng-Jhang</givenName>          <surName>Li</surName>
    </individualName>
<organizationName>National Museum of Marine Biology and Aquarium</organizationName><positionName>Crustaceans taxonomy specialist</positionName>    <address>
<deliveryPoint>2 Houwan Road, Checheng, Pingtung 944, Taiwan ROC,</deliveryPoint><city>Pingtung</city><administrativeArea>Taiwan</administrativeArea><postalCode>944</postalCode><country>TAIWAN</country>    </address>
<electronicMailAddress>epigrapsus@nmmba.gov.tw</electronicMailAddress>    <role>PROCESSOR</role>
    </associatedParty>
    <associatedParty>
    <individualName>
<givenName>Kristina</givenName>          <surName>Chyn</surName>
    </individualName>
<organizationName>Ecology and Evolutionary Biology | Texas A&amp;M University</organizationName><positionName>PH.D. Candidate</positionName>    <address>
<deliveryPoint>Wildlife Fisheries &amp; Ecological Sciences (WFES) Rm 267  Texas A&amp;M University College Station, TX  77843</deliveryPoint><administrativeArea>Texas</administrativeArea><postalCode>77843</postalCode><country>UNITED_STATES</country>    </address>
<electronicMailAddress>kmc365@cornell.edu</electronicMailAddress><onlineUrl>https://kristina-chyn.weebly.com/about.html</onlineUrl>    <role>USER</role>
    </associatedParty>
      <pubDate>
      2018-07-05
      </pubDate>
    <language>ENGLISH</language>
    <abstract>
        <para>We describe the wildlife road kill data set collected by citizen scientists from the Taiwan Road Observation Network (TaiRON). This data set includes 46,416 geospatially referenced occurrence points of wildlife found on road networks in Taiwan starting in 2011 and until Dec. 2017. These road kill occurrence points come from Taiwan and the main islands that belong Taiwan, an 35,000 km2 island off the Eastern coast of China with high biodiversity and endemism. Each observation includes at least one photo, species name, and date and time of collection, Project managers and group experts identify each photograph and label them with vernacular and scientific names. The labelled observations are collected via an on-line platform, and compiled into a continuously growing dataset of structured  records. The data set is still growing as the membership of TaiRON is very active and increasing, with over 14,000 current  members. TaiRON and its data set will provide important conservation information about the impacts of human activity and pressures associated with roads on wildlife biodiversity in Taiwan and provides an example of framework that can be replicated elsewhere.</para>
    </abstract>
        <keywordSet>
              <keyword>Occurrence</keyword>
              <keywordThesaurus>GBIF Dataset Type Vocabulary: http://rs.gbif.org/vocabulary/gbif/dataset_type.xml</keywordThesaurus>
        </keywordSet>
        <keywordSet>
              <keyword>Observation</keyword>
              <keywordThesaurus>GBIF Dataset Subtype Vocabulary: http://rs.gbif.org/vocabulary/gbif/dataset_subtype.xml</keywordThesaurus>
        </keywordSet>
        <keywordSet>
              <keyword>Mammal</keyword>
              <keyword>Reptile</keyword>
              <keyword>Roadkill</keyword>
              <keyword>Land crab</keyword>
              <keyword>Bird</keyword>
              <keyword>Taiwan</keyword>
              <keyword>Conservation</keyword>
              <keyword>Taiwan Roadkill Observation Network</keyword>
              <keyword>Environment Education</keyword>
              <keyword>Citizen Science</keyword>
              <keyword>Amphibian</keyword>
              <keyword>Facebook group</keyword>
              <keywordThesaurus>n/a</keywordThesaurus>
        </keywordSet>
      <intellectualRights>
        <para>This work is licensed under a <ulink url="http://creativecommons.org/licenses/by/4.0/legalcode"><citetitle>Creative Commons Attribution (CC-BY) 4.0 License</citetitle></ulink>.</para>
      </intellectualRights>
      <distribution scope="document">
          <online>
              <url function="information">https://roadkill.tw/en/openapi</url>
          </online>
      </distribution>
      <coverage>
            <geographicCoverage>
                  <geographicDescription>Taiwan is a Pacific island roughly 180 kilometres off the south-eastern coast of mainland China. The island was formed by the collision at a convergent boundary between the Philippine Sea Plate and the Eurasian Continental Plate four to five million years ago. Taiwan’s total area is 36,193 km2, and the climate is subtropical in the North to tropical in the South. The data is collected from Taiwan and all the islands that belong Taiwan.</geographicDescription>
                  <boundingCoordinates>
                      <westBoundingCoordinate>117.07</westBoundingCoordinate>
                      <eastBoundingCoordinate>122.432</eastBoundingCoordinate>
                      <northBoundingCoordinate>25.899</northBoundingCoordinate>
                      <southBoundingCoordinate>20.715</southBoundingCoordinate>
                  </boundingCoordinates>
            </geographicCoverage>
          <temporalCoverage>
            <rangeOfDates>
              <beginDate>
                <calendarDate>      2011-08-01
</calendarDate>
              </beginDate>
              <endDate>
                <calendarDate>      2017-12-31
</calendarDate>
              </endDate>
            </rangeOfDates>
          </temporalCoverage>
              <taxonomicCoverage>
                    <generalTaxonomicCoverage>We recorded all of the terrestrial vertebrates and land crabs that had be road killed in Taiwan.</generalTaxonomicCoverage>
                    <taxonomicClassification>
                          <taxonRankName>Phylum</taxonRankName>
                        <taxonRankValue>Chordata</taxonRankValue>
                    </taxonomicClassification>
                    <taxonomicClassification>
                          <taxonRankName>Phylum</taxonRankName>
                        <taxonRankValue>Arthropoda</taxonRankValue>
                    </taxonomicClassification>
                    <taxonomicClassification>
                          <taxonRankName>Class</taxonRankName>
                        <taxonRankValue>Amphibia</taxonRankValue>
                    </taxonomicClassification>
                    <taxonomicClassification>
                          <taxonRankName>Class</taxonRankName>
                        <taxonRankValue>Aves</taxonRankValue>
                    </taxonomicClassification>
                    <taxonomicClassification>
                          <taxonRankName>Class</taxonRankName>
                        <taxonRankValue>Malacostraca</taxonRankValue>
                    </taxonomicClassification>
                    <taxonomicClassification>
                          <taxonRankName>Class</taxonRankName>
                        <taxonRankValue>Mammalia</taxonRankValue>
                    </taxonomicClassification>
                    <taxonomicClassification>
                          <taxonRankName>Class</taxonRankName>
                        <taxonRankValue>Reptilia</taxonRankValue>
                    </taxonomicClassification>
                    <taxonomicClassification>
                          <taxonRankName>Order</taxonRankName>
                        <taxonRankValue>Accipitriformes</taxonRankValue>
                    </taxonomicClassification>
                    <taxonomicClassification>
                          <taxonRankName>Order</taxonRankName>
                        <taxonRankValue>Anseriformes</taxonRankValue>
                    </taxonomicClassification>
                    <taxonomicClassification>
                          <taxonRankName>Order</taxonRankName>
                        <taxonRankValue>Anura</taxonRankValue>
                    </taxonomicClassification>
                    <taxonomicClassification>
                          <taxonRankName>Order</taxonRankName>
                        <taxonRankValue>Apodiformes</taxonRankValue>
                    </taxonomicClassification>
                    <taxonomicClassification>
                          <taxonRankName>Order</taxonRankName>
                        <taxonRankValue>Artiodactyla</taxonRankValue>
                    </taxonomicClassification>
                    <taxonomicClassification>
                          <taxonRankName>Order</taxonRankName>
                        <taxonRankValue>Carnivora</taxonRankValue>
                    </taxonomicClassification>
                    <taxonomicClassification>
                          <taxonRankName>Order</taxonRankName>
                        <taxonRankValue>Cetacea</taxonRankValue>
                    </taxonomicClassification>
                    <taxonomicClassification>
                          <taxonRankName>Order</taxonRankName>
                        <taxonRankValue>Charadriiformes</taxonRankValue>
                    </taxonomicClassification>
                    <taxonomicClassification>
                          <taxonRankName>Order</taxonRankName>
                        <taxonRankValue>Chiroptera</taxonRankValue>
                    </taxonomicClassification>
                    <taxonomicClassification>
                          <taxonRankName>Order</taxonRankName>
                        <taxonRankValue>Columbiformes</taxonRankValue>
                    </taxonomicClassification>
                    <taxonomicClassification>
                          <taxonRankName>Order</taxonRankName>
                        <taxonRankValue>Coraciiformes</taxonRankValue>
                    </taxonomicClassification>
                    <taxonomicClassification>
                          <taxonRankName>Order</taxonRankName>
                        <taxonRankValue>Cuculiformes</taxonRankValue>
                    </taxonomicClassification>
                    <taxonomicClassification>
                          <taxonRankName>Order</taxonRankName>
                        <taxonRankValue>Decapoda</taxonRankValue>
                    </taxonomicClassification>
                    <taxonomicClassification>
                          <taxonRankName>Order</taxonRankName>
                        <taxonRankValue>Galliformes</taxonRankValue>
                    </taxonomicClassification>
                    <taxonomicClassification>
                          <taxonRankName>Order</taxonRankName>
                        <taxonRankValue>Gruiformes</taxonRankValue>
                    </taxonomicClassification>
                    <taxonomicClassification>
                          <taxonRankName>Order</taxonRankName>
                        <taxonRankValue>Insectivora</taxonRankValue>
                    </taxonomicClassification>
                    <taxonomicClassification>
                          <taxonRankName>Order</taxonRankName>
                        <taxonRankValue>Lagomorpha</taxonRankValue>
                    </taxonomicClassification>
                    <taxonomicClassification>
                          <taxonRankName>Order</taxonRankName>
                        <taxonRankValue>Passeriformes</taxonRankValue>
                    </taxonomicClassification>
                    <taxonomicClassification>
                          <taxonRankName>Order</taxonRankName>
                        <taxonRankValue>Pelecaniformes</taxonRankValue>
                    </taxonomicClassification>
                    <taxonomicClassification>
                          <taxonRankName>Order</taxonRankName>
                        <taxonRankValue>Piciformes</taxonRankValue>
                    </taxonomicClassification>
                    <taxonomicClassification>
                          <taxonRankName>Order</taxonRankName>
                        <taxonRankValue>Primates</taxonRankValue>
                    </taxonomicClassification>
                    <taxonomicClassification>
                          <taxonRankName>Order</taxonRankName>
                        <taxonRankValue>Rodentia</taxonRankValue>
                    </taxonomicClassification>
                    <taxonomicClassification>
                          <taxonRankName>Order</taxonRankName>
                        <taxonRankValue>Squamata</taxonRankValue>
                    </taxonomicClassification>
                    <taxonomicClassification>
                          <taxonRankName>Order</taxonRankName>
                        <taxonRankValue>Strigiformes</taxonRankValue>
                    </taxonomicClassification>
                    <taxonomicClassification>
                          <taxonRankName>Order</taxonRankName>
                        <taxonRankValue>Testudines</taxonRankValue>
                    </taxonomicClassification>
                    <taxonomicClassification>
                          <taxonRankName>Family</taxonRankName>
                        <taxonRankValue>Accipitridae</taxonRankValue>
                    </taxonomicClassification>
                    <taxonomicClassification>
                          <taxonRankName>Family</taxonRankName>
                        <taxonRankValue>Aegithalidae</taxonRankValue>
                    </taxonomicClassification>
                    <taxonomicClassification>
                          <taxonRankName>Family</taxonRankName>
                        <taxonRankValue>Agamidae</taxonRankValue>
                    </taxonomicClassification>
                    <taxonomicClassification>
                          <taxonRankName>Family</taxonRankName>
                        <taxonRankValue>Alaudidae</taxonRankValue>
                    </taxonomicClassification>
                    <taxonomicClassification>
                          <taxonRankName>Family</taxonRankName>
                        <taxonRankValue>Alcedinidae</taxonRankValue>
                    </taxonomicClassification>
                    <taxonomicClassification>
                          <taxonRankName>Family</taxonRankName>
                        <taxonRankValue>Anatidae</taxonRankValue>
                    </taxonomicClassification>
                    <taxonomicClassification>
                          <taxonRankName>Family</taxonRankName>
                        <taxonRankValue>Anguidae</taxonRankValue>
                    </taxonomicClassification>
                    <taxonomicClassification>
                          <taxonRankName>Family</taxonRankName>
                        <taxonRankValue>Apodidae</taxonRankValue>
                    </taxonomicClassification>
                    <taxonomicClassification>
                          <taxonRankName>Family</taxonRankName>
                        <taxonRankValue>Ardeidae</taxonRankValue>
                    </taxonomicClassification>
                    <taxonomicClassification>
                          <taxonRankName>Family</taxonRankName>
                        <taxonRankValue>Bombycillidae</taxonRankValue>
                    </taxonomicClassification>
                    <taxonomicClassification>
                          <taxonRankName>Family</taxonRankName>
                        <taxonRankValue>Bovidae</taxonRankValue>
                    </taxonomicClassification>
                    <taxonomicClassification>
                          <taxonRankName>Family</taxonRankName>
                        <taxonRankValue>Bufonidae</taxonRankValue>
                    </taxonomicClassification>
                    <taxonomicClassification>
                          <taxonRankName>Family</taxonRankName>
                        <taxonRankValue>Campephagidae</taxonRankValue>
                    </taxonomicClassification>
                    <taxonomicClassification>
                          <taxonRankName>Family</taxonRankName>
                        <taxonRankValue>Canidae</taxonRankValue>
                    </taxonomicClassification>
                    <taxonomicClassification>
                          <taxonRankName>Family</taxonRankName>
                        <taxonRankValue>Caprimulgidae</taxonRankValue>
                    </taxonomicClassification>
                    <taxonomicClassification>
                          <taxonRankName>Family</taxonRankName>
                        <taxonRankValue>Cercopithecidae</taxonRankValue>
                    </taxonomicClassification>
                    <taxonomicClassification>
                          <taxonRankName>Family</taxonRankName>
                        <taxonRankValue>Cervidae</taxonRankValue>
                    </taxonomicClassification>
                    <taxonomicClassification>
                          <taxonRankName>Family</taxonRankName>
                        <taxonRankValue>Cettidae</taxonRankValue>
                    </taxonomicClassification>
                    <taxonomicClassification>
                          <taxonRankName>Family</taxonRankName>
                        <taxonRankValue>Charadriidae</taxonRankValue>
                    </taxonomicClassification>
                    <taxonomicClassification>
                          <taxonRankName>Family</taxonRankName>
                        <taxonRankValue>Cheloniidae</taxonRankValue>
                    </taxonomicClassification>
                    <taxonomicClassification>
                          <taxonRankName>Family</taxonRankName>
                        <taxonRankValue>Ciconiidae</taxonRankValue>
                    </taxonomicClassification>
                    <taxonomicClassification>
                          <taxonRankName>Family</taxonRankName>
                        <taxonRankValue>Cisticolidae</taxonRankValue>
                    </taxonomicClassification>
                    <taxonomicClassification>
                          <taxonRankName>Family</taxonRankName>
                        <taxonRankValue>Coenobitidae</taxonRankValue>
                    </taxonomicClassification>
                    <taxonomicClassification>
                          <taxonRankName>Family</taxonRankName>
                        <taxonRankValue>Colubridae</taxonRankValue>
                    </taxonomicClassification>
                    <taxonomicClassification>
                          <taxonRankName>Family</taxonRankName>
                        <taxonRankValue>Columbidae</taxonRankValue>
                    </taxonomicClassification>
                    <taxonomicClassification>
                          <taxonRankName>Family</taxonRankName>
                        <taxonRankValue>Corvidae</taxonRankValue>
                    </taxonomicClassification>
                    <taxonomicClassification>
                          <taxonRankName>Family</taxonRankName>
                        <taxonRankValue>Cricetidae</taxonRankValue>
                    </taxonomicClassification>
                    <taxonomicClassification>
                          <taxonRankName>Family</taxonRankName>
                        <taxonRankValue>Cuculidae</taxonRankValue>
                    </taxonomicClassification>
                    <taxonomicClassification>
                          <taxonRankName>Family</taxonRankName>
                        <taxonRankValue>Delphinidae</taxonRankValue>
                    </taxonomicClassification>
                    <taxonomicClassification>
                          <taxonRankName>Family</taxonRankName>
                        <taxonRankValue>Dicroglossidae</taxonRankValue>
                    </taxonomicClassification>
                    <taxonomicClassification>
                          <taxonRankName>Family</taxonRankName>
                        <taxonRankValue>Dicruridae</taxonRankValue>
                    </taxonomicClassification>
                    <taxonomicClassification>
                          <taxonRankName>Family</taxonRankName>
                        <taxonRankValue>Elapidae</taxonRankValue>
                    </taxonomicClassification>
                    <taxonomicClassification>
                          <taxonRankName>Family</taxonRankName>
                        <taxonRankValue>Emberizidae</taxonRankValue>
                    </taxonomicClassification>
                    <taxonomicClassification>
                          <taxonRankName>Family</taxonRankName>
                        <taxonRankValue>Emydidae</taxonRankValue>
                    </taxonomicClassification>
                    <taxonomicClassification>
                          <taxonRankName>Family</taxonRankName>
                        <taxonRankValue>Estrildidae</taxonRankValue>
                    </taxonomicClassification>
                    <taxonomicClassification>
                          <taxonRankName>Family</taxonRankName>
                        <taxonRankValue>Felidae</taxonRankValue>
                    </taxonomicClassification>
                    <taxonomicClassification>
                          <taxonRankName>Family</taxonRankName>
                        <taxonRankValue>Fringillidae</taxonRankValue>
                    </taxonomicClassification>
                    <taxonomicClassification>
                          <taxonRankName>Family</taxonRankName>
                        <taxonRankValue>Gaviidae</taxonRankValue>
                    </taxonomicClassification>
                    <taxonomicClassification>
                          <taxonRankName>Family</taxonRankName>
                        <taxonRankValue>Gecarcinidae</taxonRankValue>
                    </taxonomicClassification>
                    <taxonomicClassification>
                          <taxonRankName>Family</taxonRankName>
                        <taxonRankValue>Gekkonidae</taxonRankValue>
                    </taxonomicClassification>
                    <taxonomicClassification>
                          <taxonRankName>Family</taxonRankName>
                        <taxonRankValue>Geoemydidae</taxonRankValue>
                    </taxonomicClassification>
                    <taxonomicClassification>
                          <taxonRankName>Family</taxonRankName>
                        <taxonRankValue>Glareolidae</taxonRankValue>
                    </taxonomicClassification>
                    <taxonomicClassification>
                          <taxonRankName>Family</taxonRankName>
                        <taxonRankValue>Grapsidae</taxonRankValue>
                    </taxonomicClassification>
                    <taxonomicClassification>
                          <taxonRankName>Family</taxonRankName>
                        <taxonRankValue>Haematopodidae</taxonRankValue>
                    </taxonomicClassification>
                    <taxonomicClassification>
                          <taxonRankName>Family</taxonRankName>
                        <taxonRankValue>Herpestidae</taxonRankValue>
                    </taxonomicClassification>
                    <taxonomicClassification>
                          <taxonRankName>Family</taxonRankName>
                        <taxonRankValue>Hipposideridae</taxonRankValue>
                    </taxonomicClassification>
                    <taxonomicClassification>
                          <taxonRankName>Family</taxonRankName>
                        <taxonRankValue>Hirundinidae</taxonRankValue>
                    </taxonomicClassification>
                    <taxonomicClassification>
                          <taxonRankName>Family</taxonRankName>
                        <taxonRankValue>Homalopsidae</taxonRankValue>
                    </taxonomicClassification>
                    <taxonomicClassification>
                          <taxonRankName>Family</taxonRankName>
                        <taxonRankValue>Hylidae</taxonRankValue>
                    </taxonomicClassification>
                    <taxonomicClassification>
                          <taxonRankName>Family</taxonRankName>
                        <taxonRankValue>Iguanidae</taxonRankValue>
                    </taxonomicClassification>
                    <taxonomicClassification>
                          <taxonRankName>Family</taxonRankName>
                        <taxonRankValue>Jacanidae</taxonRankValue>
                    </taxonomicClassification>
                    <taxonomicClassification>
                          <taxonRankName>Family</taxonRankName>
                        <taxonRankValue>Lacertidae</taxonRankValue>
                    </taxonomicClassification>
                    <taxonomicClassification>
                          <taxonRankName>Family</taxonRankName>
                        <taxonRankValue>Laniidae</taxonRankValue>
                    </taxonomicClassification>
                    <taxonomicClassification>
                          <taxonRankName>Family</taxonRankName>
                        <taxonRankValue>Laridae</taxonRankValue>
                    </taxonomicClassification>
                    <taxonomicClassification>
                          <taxonRankName>Family</taxonRankName>
                        <taxonRankValue>Leiothrichidae</taxonRankValue>
                    </taxonomicClassification>
                    <taxonomicClassification>
                          <taxonRankName>Family</taxonRankName>
                        <taxonRankValue>Leporidae</taxonRankValue>
                    </taxonomicClassification>
                    <taxonomicClassification>
                          <taxonRankName>Family</taxonRankName>
                        <taxonRankValue>Manidae</taxonRankValue>
                    </taxonomicClassification>
                    <taxonomicClassification>
                          <taxonRankName>Family</taxonRankName>
                        <taxonRankValue>Meropidae</taxonRankValue>
                    </taxonomicClassification>
                    <taxonomicClassification>
                          <taxonRankName>Family</taxonRankName>
                        <taxonRankValue>Microhylidae</taxonRankValue>
                    </taxonomicClassification>
                    <taxonomicClassification>
                          <taxonRankName>Family</taxonRankName>
                        <taxonRankValue>Miniopteridae</taxonRankValue>
                    </taxonomicClassification>
                    <taxonomicClassification>
                          <taxonRankName>Family</taxonRankName>
                        <taxonRankValue>Monarchidae</taxonRankValue>
                    </taxonomicClassification>
                    <taxonomicClassification>
                          <taxonRankName>Family</taxonRankName>
                        <taxonRankValue>Motacillidae</taxonRankValue>
                    </taxonomicClassification>
                    <taxonomicClassification>
                          <taxonRankName>Family</taxonRankName>
                        <taxonRankValue>Muridae</taxonRankValue>
                    </taxonomicClassification>
                    <taxonomicClassification>
                          <taxonRankName>Family</taxonRankName>
                        <taxonRankValue>Muscicapidae</taxonRankValue>
                    </taxonomicClassification>
                    <taxonomicClassification>
                          <taxonRankName>Family</taxonRankName>
                        <taxonRankValue>Mustelidae</taxonRankValue>
                    </taxonomicClassification>
                    <taxonomicClassification>
                          <taxonRankName>Family</taxonRankName>
                        <taxonRankValue>Ocypodidae</taxonRankValue>
                    </taxonomicClassification>
                    <taxonomicClassification>
                          <taxonRankName>Family</taxonRankName>
                        <taxonRankValue>Oriolidae</taxonRankValue>
                    </taxonomicClassification>
                    <taxonomicClassification>
                          <taxonRankName>Family</taxonRankName>
                        <taxonRankValue>Paradoxornithidae</taxonRankValue>
                    </taxonomicClassification>
                    <taxonomicClassification>
                          <taxonRankName>Family</taxonRankName>
                        <taxonRankValue>Pareatidae</taxonRankValue>
                    </taxonomicClassification>
                    <taxonomicClassification>
                          <taxonRankName>Family</taxonRankName>
                        <taxonRankValue>Paridae</taxonRankValue>
                    </taxonomicClassification>
                    <taxonomicClassification>
                          <taxonRankName>Family</taxonRankName>
                        <taxonRankValue>Passeridae</taxonRankValue>
                    </taxonomicClassification>
                    <taxonomicClassification>
                          <taxonRankName>Family</taxonRankName>
                        <taxonRankValue>Pellorneidae</taxonRankValue>
                    </taxonomicClassification>
                    <taxonomicClassification>
                          <taxonRankName>Family</taxonRankName>
                        <taxonRankValue>Phaethontidae</taxonRankValue>
                    </taxonomicClassification>
                    <taxonomicClassification>
                          <taxonRankName>Family</taxonRankName>
                        <taxonRankValue>Phasianidae</taxonRankValue>
                    </taxonomicClassification>
                    <taxonomicClassification>
                          <taxonRankName>Family</taxonRankName>
                        <taxonRankValue>Phocoenidae</taxonRankValue>
                    </taxonomicClassification>
                    <taxonomicClassification>
                          <taxonRankName>Family</taxonRankName>
                        <taxonRankValue>Phylloscopidae</taxonRankValue>
                    </taxonomicClassification>
                    <taxonomicClassification>
                          <taxonRankName>Family</taxonRankName>
                        <taxonRankValue>Picidae</taxonRankValue>
                    </taxonomicClassification>
                    <taxonomicClassification>
                          <taxonRankName>Family</taxonRankName>
                        <taxonRankValue>Pittidae</taxonRankValue>
                    </taxonomicClassification>
                    <taxonomicClassification>
                          <taxonRankName>Family</taxonRankName>
                        <taxonRankValue>Podicipedidae</taxonRankValue>
                    </taxonomicClassification>
                    <taxonomicClassification>
                          <taxonRankName>Family</taxonRankName>
                        <taxonRankValue>Potamidae</taxonRankValue>
                    </taxonomicClassification>
                    <taxonomicClassification>
                          <taxonRankName>Family</taxonRankName>
                        <taxonRankValue>Procellariidae</taxonRankValue>
                    </taxonomicClassification>
                    <taxonomicClassification>
                          <taxonRankName>Family</taxonRankName>
                        <taxonRankValue>Psittacidae</taxonRankValue>
                    </taxonomicClassification>
                    <taxonomicClassification>
                          <taxonRankName>Family</taxonRankName>
                        <taxonRankValue>Pycnonotidae</taxonRankValue>
                    </taxonomicClassification>
                    <taxonomicClassification>
                          <taxonRankName>Family</taxonRankName>
                        <taxonRankValue>Pythonidae</taxonRankValue>
                    </taxonomicClassification>
                    <taxonomicClassification>
                          <taxonRankName>Family</taxonRankName>
                        <taxonRankValue>Rallidae</taxonRankValue>
                    </taxonomicClassification>
                    <taxonomicClassification>
                          <taxonRankName>Family</taxonRankName>
                        <taxonRankValue>Ramphastidae</taxonRankValue>
                    </taxonomicClassification>
                    <taxonomicClassification>
                          <taxonRankName>Family</taxonRankName>
                        <taxonRankValue>Ranidae</taxonRankValue>
                    </taxonomicClassification>
                    <taxonomicClassification>
                          <taxonRankName>Family</taxonRankName>
                        <taxonRankValue>Recurvirostridae</taxonRankValue>
                    </taxonomicClassification>
                    <taxonomicClassification>
                          <taxonRankName>Family</taxonRankName>
                        <taxonRankValue>Rhacophoridae</taxonRankValue>
                    </taxonomicClassification>
                    <taxonomicClassification>
                          <taxonRankName>Family</taxonRankName>
                        <taxonRankValue>Rhinolophidae</taxonRankValue>
                    </taxonomicClassification>
                    <taxonomicClassification>
                          <taxonRankName>Family</taxonRankName>
                        <taxonRankValue>Rostratulidae</taxonRankValue>
                    </taxonomicClassification>
                    <taxonomicClassification>
                          <taxonRankName>Family</taxonRankName>
                        <taxonRankValue>Scincidae</taxonRankValue>
                    </taxonomicClassification>
                    <taxonomicClassification>
                          <taxonRankName>Family</taxonRankName>
                        <taxonRankValue>Sciuridae</taxonRankValue>
                    </taxonomicClassification>
                    <taxonomicClassification>
                          <taxonRankName>Family</taxonRankName>
                        <taxonRankValue>Scolopacidae</taxonRankValue>
                    </taxonomicClassification>
                    <taxonomicClassification>
                          <taxonRankName>Family</taxonRankName>
                        <taxonRankValue>Sesarmidae</taxonRankValue>
                    </taxonomicClassification>
                    <taxonomicClassification>
                          <taxonRankName>Family</taxonRankName>
                        <taxonRankValue>Soricidae</taxonRankValue>
                    </taxonomicClassification>
                    <taxonomicClassification>
                          <taxonRankName>Family</taxonRankName>
                        <taxonRankValue>Strigidae</taxonRankValue>
                    </taxonomicClassification>
                    <taxonomicClassification>
                          <taxonRankName>Family</taxonRankName>
                        <taxonRankValue>Sturnidae</taxonRankValue>
                    </taxonomicClassification>
                    <taxonomicClassification>
                          <taxonRankName>Family</taxonRankName>
                        <taxonRankValue>Suidae</taxonRankValue>
                    </taxonomicClassification>
                    <taxonomicClassification>
                          <taxonRankName>Family</taxonRankName>
                        <taxonRankValue>Sulidae</taxonRankValue>
                    </taxonomicClassification>
                    <taxonomicClassification>
                          <taxonRankName>Family</taxonRankName>
                        <taxonRankValue>Sylviidae</taxonRankValue>
                    </taxonomicClassification>
                    <taxonomicClassification>
                          <taxonRankName>Family</taxonRankName>
                        <taxonRankValue>Talpidae</taxonRankValue>
                    </taxonomicClassification>
                    <taxonomicClassification>
                          <taxonRankName>Family</taxonRankName>
                        <taxonRankValue>Threskiornithidae</taxonRankValue>
                    </taxonomicClassification>
                    <taxonomicClassification>
                          <taxonRankName>Family</taxonRankName>
                        <taxonRankValue>Timaliidae</taxonRankValue>
                    </taxonomicClassification>
                    <taxonomicClassification>
                          <taxonRankName>Family</taxonRankName>
                        <taxonRankValue>Trionychidae</taxonRankValue>
                    </taxonomicClassification>
                    <taxonomicClassification>
                          <taxonRankName>Family</taxonRankName>
                        <taxonRankValue>Troglodytidae</taxonRankValue>
                    </taxonomicClassification>
                    <taxonomicClassification>
                          <taxonRankName>Family</taxonRankName>
                        <taxonRankValue>Turdidae</taxonRankValue>
                    </taxonomicClassification>
                    <taxonomicClassification>
                          <taxonRankName>Family</taxonRankName>
                        <taxonRankValue>Turnicidae</taxonRankValue>
                    </taxonomicClassification>
                    <taxonomicClassification>
                          <taxonRankName>Family</taxonRankName>
                        <taxonRankValue>Typhlopidae</taxonRankValue>
                    </taxonomicClassification>
                    <taxonomicClassification>
                          <taxonRankName>Family</taxonRankName>
                        <taxonRankValue>Upupidae</taxonRankValue>
                    </taxonomicClassification>
                    <taxonomicClassification>
                          <taxonRankName>Family</taxonRankName>
                        <taxonRankValue>Vespertilionidae</taxonRankValue>
                    </taxonomicClassification>
                    <taxonomicClassification>
                          <taxonRankName>Family</taxonRankName>
                        <taxonRankValue>Viperidae</taxonRankValue>
                    </taxonomicClassification>
                    <taxonomicClassification>
                          <taxonRankName>Family</taxonRankName>
                        <taxonRankValue>Viverridae</taxonRankValue>
                    </taxonomicClassification>
                    <taxonomicClassification>
                          <taxonRankName>Family</taxonRankName>
                        <taxonRankValue>Xenodermatidae</taxonRankValue>
                    </taxonomicClassification>
                    <taxonomicClassification>
                          <taxonRankName>Family</taxonRankName>
                        <taxonRankValue>Zosteropidae</taxonRankValue>
                    </taxonomicClassification>
              </taxonomicCoverage>
      </coverage>
      <maintenance>
          <description>
              <para></para>
          </description>
          <maintenanceUpdateFrequency>annually</maintenanceUpdateFrequency>
      </maintenance>
      <contact>
    <individualName>
<givenName>Te-En</givenName>          <surName>Lin</surName>
    </individualName>
<organizationName>Taiwan Endemic Species Researcher Institute</organizationName><positionName>Assistant Researcher</positionName>    <address>
<deliveryPoint>1 Ming-Sheng East Road, Jiji Township, Nantou County, Taiwan</deliveryPoint><city>Nantou County</city><administrativeArea>Taiwan</administrativeArea><postalCode>552</postalCode><country>TAIWAN</country>    </address>
<phone>886-49-2761331ext566</phone><electronicMailAddress>mmskink@gmail.com</electronicMailAddress><onlineUrl>http://roadkill.tw</onlineUrl>      </contact>
      <methods>
            <methodStep>
                <description>
                    <para>Stage 1: Crawling Facebook Posts for Occurrence Data to Upload to Database

This process was in use from August 2011 to the end of 2015 in which the volunteers posted observation data directly to the Facebook group. 

Originally, citizen science members uploaded a photo of the road kill specimen with a scale reference directly onto the Taiwan Roadkill Observation Network (Reptile Roadkill Mortality) Facebook page. Pertinent information was included with photos as comments on the published post, including dates, times, species names (if known), and GPS coordinates. We used a web crawler via Facebook’s Graph API to find, retrieve, verify, and input road kill data into the database. The crawler collected posts (along with images, time and location data, and other annotations) on the Facebook Group and put them in an aggregated table of all observations. Participants were also encouraged to collect and send road kill specimens to TESRI.
	
Due to the unstructured format, contributors often did not upload posts with complete information, or did not post pertinent information uniformly, which made crawling for data more difficult. For example, users would often record the location inconsistently, such as decimal degrees or  minutes, seconds, degrees format, qualitatively describe the location, post photos of nearby road-side utility poles with locational references, or take screen shots of a GPS app. 

Soon after launching the web app, TaiRON also released an Android app (“Android App 1.0”) for members on the Android platform to use. Similarly to the TaiRON Web App 1.0, users could submit structured data through the Android app, which would publish uniform information directly through the contributor’s Facebook account. The data would be crawled and verified by project managers before being uploaded to the database. 

There were several issues in this process. It appeared to encourage users to first publish onto the Facebook group (through Facebook, the TaiRON Web App 1.0, and the TaiRON Android App 1.0). We then crawled the group for data. User and protected species privacy were compromised; and an ever-updating Facebook APIs made application updates to keep up with Facebook necessary. Even though we were able to update the Android app in order to fix bugs that arose when each time Facebook changed its APIs, the Google Play Store’s one week lag-time in releasing the update was prohibitively slow. This prompted the project managers to develop methods to better control the content distributed on the Facebook group and to circumvent Facebook’s constant API updates.</para>
                </description>
            </methodStep>
            <methodStep>
                <description>
                    <para>Stage 2: Direct Uploading Observations to Project Website via Android App, and Posting Abridged Information to Facebook Afterwards

This process was in use from late 2015 to early 2017. The volunteers posted structured observation records first to the TaiRON project website. The website then posted abridged records to the Facebook group for user interactions and species identifications.  Due to the privacy issues and difficulty in keeping up with Facebook’s ever-changing interface, project managers worked with app developers to launch a new version of the free Android app (“Android App 2.0”) that members could download. With the TaiRON Android App 2.0, users were still able to log onto the app through their Facebook account, providing an easy transition for members. The main procedural change this app created was that the app allowed citizen scientists to upload their observations directly to the TaiRON website before the information was published in a uniform manner onto the Facebook group through the contributor’s Facebook account. This effectively resolved issues of gathering non-uniform data with a web crawler for database uploading and added an additional layer for information distribution control.
After users uploaded onto the TaiRON website through the app, only the uploader and project managers had access to all the data; the detailed locational data was not published to Facebook. There was also an added option of sending an anonymous observation digest to the Facebook Group. The observer&apos;s identity and observation location is kept at the TaiRON website and known by the researchers, but is not available to others at the Facebook Group. This provides some protection of the observer&apos;s locational privacy. When the observations are aggregated into datasets, we remove the observers&apos; IDs in the records before the datasets are made available to others. On the other hand, as many participants have opted to release their observation photos under the Creative Commons Licenses, they must be properly attributed when the image files are released. Participants can have photos attributed to their nicknames, or require no attribution at all (by the use of the CC0 Public Domain Dedication). Additionally, this step allowed us to protect the locational data for endangered and protected species, which are not released to the public on the Facebook group or on the project website; users who wished to see this data must be approved by the project managers.

Continuing to publish the observations (sans detailed location) to the Facebook group allowed other members, including experts in the group, to have continued involvement in the verification of the data.  After experts from the group verified the identification the observation, project managers would review the observation for accuracy and completeness and changed the status of the observation from “unconfirmed” to “confirmed” in the database. All verified data is available for the wider community to access through the website except that of protected species.

Though this flip in procedural steps smoothed the process of user data input, data mining/collection from Facebook, and privacy issues with public posts on Facebook, the app was not accessible to members using iOS platforms.</para>
                </description>
            </methodStep>
            <methodStep>
                <description>
                    <para>Stage 3: Direct Uploading Observations to Project Website via Web App, and Posting Abridged Information to Facebook Afterwards  This process is in use starting from early 2017. The volunteers also posted structured observation records first to the TaiRON project website. This is done by accessing directly to a page at website for uploading observation records. After uploading, the website abridged records to the Facebook group.

Because the Apple App Store was prohibitively difficult to publish an app in, and the Android app was often waylaid by the time it took to release new updates, the TaiRON project team has developed the a web-native method (“Web App 2.0”) that is accessible across all smartphone platforms and does not have to be published by a third party app store. Users access the web app through their smartphone’s web browser and TaiRON’s webpage (https://roadkill.tw/). Members sign onto the webpage with their Facebook account and upload through dedicated observation-reporting pages (https://roadkill.tw/app), which is accessible through smartphones,  computers, and other mobile devices with Web browsers. Here they have the option to upload up to five photos of an individual, or up to five photos of separate individuals. Once the photos are uploaded, the web app detects date, time, and locational metadata associated with the photo and automatically fills corresponding sections of the form with the option to edit the information. Users can also indicate species, supplementary explanations, if they are sending a specimen, the quantity of individuals observed, and the supposed cause of death. After an observation is directly uploaded to the website by the user, using the Facebook API, the website then automatically publishes the observation sans locational data to Facebook through the group’s user account, “TW Roadkill.” The published Facebook post tags the contributing user to credit them with the observation. After posting in the group, project managers and other expert members can then review the observation for accuracy and completeness, and once verified, change the observation status to “confirmed.” 

Currently, members can contribute observations to TaiRON’s database through several means, listed in decreasing order of ease of data collection method: 1) TaiRON Web App 2.0 accessed from the mobile website 2) directly posting on the Facebook group, and 3) directly messaging observations to a project manager. Less than 5% of observations are now contributed outside of using the Web App 2.0.</para>
                </description>
            </methodStep>
            <sampling>
                <studyExtent>
                    <description>
                        <para>Taiwan and the main islands that belong Taiwan</para>
                    </description>
                </studyExtent>
                <samplingDescription>
                    <para>The volunteers uploaded the photographs of the roadkill victims to the Facebook group from both regular surveys and incidental discoveries.</para>
                </samplingDescription>
            </sampling>
            <qualityControl>
                <description>
                    <para>After experts from the group verified the identification the observation, project managers would review the observation for accuracy and completeness and changed the status of the observation from “unconfirmed” to “confirmed” in the database. All verified data is available for the wider community to access through the website except that of protected species.</para>
                </description>
            </qualityControl>
      </methods>

      <project >
          <title>Taiwan Roadkill Observation Network</title>
          <personnel>
    <individualName>
<givenName>Te-En</givenName>          <surName>Lin</surName>
    </individualName>
    <role>PRINCIPAL_INVESTIGATOR</role>
          </personnel>
          <abstract>
              <para>Unlike the common research-oriented beginning of other Citizen Science projects, Taiwan Roadkill Observation Network (http://www.facebook.com/groups/roadkilled/), originated from a Facebook group of concerned citizens created in August 2011. Due to the power of social media networks, our group members come from a variety of locations, academic backgrounds, and do not come from any particular group, association, or academy. Most members of our community are not acquainted with one another. More interestingly, this was not an intentionally planned Citizen Science project. Rather it was gradually established through discussions and consensus among members. The current appointment of main staff that operates the website, our goals, information-collecting SOP, software tools for back-end use, database platform and this particular website, were all achieved step-by-step under cooperation and numerous adjustments and revisions.

The primary mission of Taiwan Roadkill Observation Network is to set up an eco-friendly path to mitigate roadkill challenges. We have four main tenets guiding our organization. Our overarching goal is to 1. Mitigate Roadkill. The following three goals are developed based on this main tenet:  (2. Citizen Science) We aim to popularize national discourse on such environmental issues and civil participation in scientific research. (3. Environmental Education) Additionally, we will encourage citizens to mitigate roadkill as the first step in fostering lifelong ecological interest  and conservation action. (4. Cherish Life) Last but not least, we establish the concept that all life and species are valuable and we encourage participants to help collect and send roadkill specimens to our lab for preservation . This allows these animals to be used for future studies, making greater value of the loss of life.</para>
          </abstract>
          <funding>
              <para>Endemic Species Research Institute, Council of Agriculture, Executive Yuan, Taiwan. Environmental Protection Administration, Executive Yuan, Taiwan.</para>
          </funding>
            <studyAreaDescription>
                <descriptor name="generic" citableClassificationSystem="false">
                    <descriptorValue>Territory of Taiwan, Penghu, Kinmen and Matsu islands.</descriptorValue>
                </descriptor>
            </studyAreaDescription>
            <designDescription>
                <description>
                    <para>Occurrence points were collected by members of the Taiwan Road Observation Network (TaiRON), a network largely comprised of citizen scientists. There are 3361 active/contributing citizen science members distributed across the entire island (as of 12/2017) with varied backgrounds . Citizen scientists are kept informed of TaiRON’s events and progress through the Facebook page (https://www.facebook.com/groups/roadkilled/), which has 14,150 members (as of 12/2017), and through educational presentations and workshops given by program managers throughout Taiwan and Taiwan’s surrounding islands. During these presentations and workshops, program managers disseminate progress reports and volunteer packets with materials to aid in road kill observations and specimen collection. The processes for collecting data from the volunteers are outlined below. The specific process in use has undergone several stages of change. The currently employed process is named Stage 3 below in which structured observation records are first sent to a data collecting website operated by the researchers before they are shared on the Facebook group. Stage 1 and Stage 2 were old processes and had since been depreciated after Stage 3 being put into effect.</para>
                </description>
            </designDescription>
      </project>
</dataset>

<additionalMetadata>
    <metadata>
      <gbif>
        <dateStamp>2018-11-06T23:16:33Z</dateStamp>
      <citation>Lin T (2018). The Taiwan Roadkill Observation Network Data Set.. Version 1.3. Taiwan Endemic Species Research Institute. Occurrence dataset https://doi.org/10.15468/cidkqi accessed via GBIF.org on 2018-11-06.</citation>
              <bibliography>
      <citation identifier="http://www.scidatacon.org/2016/sessions/46/paper/129/">Tyng-Ruey Chuang, Te-En Lin, Yi-Hong Chang, Chih-Yun Chen, Yu-Kai Chen, Ping-Keng Hsieh, Guan-Shuo Mai. Communal Data Workflow in TaiRON (Taiwan Roadkill Observation Network). In SciDataCon 2016: Advancing the Frontiers of Data in Research. September 11-13, 2016, Denver, Colorado, USA.</citation>
      <citation identifier="https://www.slideshare.net/dongpo/2012-biodiversity-asia-poster">Guan‐Shuo Mai, Cheng‐Hsin Hsu, Te‐En Lin, Hsu‐Hong Lin, Dong‐Po Deng, Kwang‐Tsao Shao. Harvesting crowdsourcing biodiversity data from Facebook group. In The 2nd Asian Regional Conference of Society for Conservation Biology. August 07 2012. Biodiversity Research Center, Academia Sinica, Taipei, Taiwan.</citation>
      <citation identifier="https://www.researchgate.net/publication/236155410_Using_social_media_for_collaborative_species_identification_and_occurrence_issues_methods_and_tools">Dongpo Deng, Tyng-Ruey Chuang, Kwang-Tsao Shao, Guan-Shuo Mai, Te-En  Lin, Rob Lemmens, Cheng-Hsin Hsu, Hsu-Hong Lin, Menno-Jan Kraak,. 2012. Using social media for collaborative species identification and occurrence: issues, methods, and tools. SIGSPATIAL 2012 International Conference on Advances in Geographic Information Systems, ACM.</citation>
      <citation identifier="https://roadkill.tw/report/27822">Tyng-Ruey Chuang, Dong-Po Deng, Cheng-Hsin Hsu, Lucien C.-H. Lin, Te-En Lin, Guan-Shuo Mai, Kwang-Tsao Shao and Mei-Hsueh Wang. 2015. Collaborative Ecological Observation: Issues in Moving from Social Media to Research Data. In the Citizen Science 2015 Conference. 2015, 11-12 February. San Jose, CA, USA.</citation>
              </bibliography>
        </gbif>
    </metadata>
</additionalMetadata>

</eml:eml>
